"OID_","x","y"
,100.280641,36.504342
,99.851391,37.029475
,100.001641,36.656543
,100.088967,36.586079
,99.913999,36.716706
,99.471230,37.207130
,99.741858,37.203619
,100.096001,36.360297
,99.631804,36.880988
,99.832078,37.033370
,100.072239,36.646623
,99.762397,36.942306
,99.720182,37.133804
,99.995736,36.618269
,99.430876,36.957006
,99.458345,37.029101
,99.454707,36.771925
,99.701369,36.766212
,99.702879,37.187862
,99.597780,36.989110
,99.565163,37.169000
,99.991427,36.531902
,100.087747,36.607881
,99.535161,36.933449
,99.426909,37.343767
,99.388060,36.835825
,100.248350,37.227548
,100.240815,36.564385
,99.828558,36.955327
,99.728351,36.716931
,99.414929,36.969112
,100.337297,36.659936
,99.881608,36.578513
,99.912375,36.730453
,99.841968,36.551907
,99.657106,36.624875
,100.111299,37.240272
,100.269294,36.577207
,100.297398,36.549883
,99.370017,37.255579
,100.207234,36.606369
,99.556091,36.711721
,100.020219,36.430987
,99.681125,37.029526
,100.223065,36.516512
,100.323784,36.590282
,99.602135,36.691619
,99.452071,36.788265
,99.678342,36.613605
,99.151030,37.268335
,99.482750,37.255956
,99.574597,36.962357
,99.864677,37.264492
,99.786774,36.521195
,100.306140,37.175771
,100.077942,37.264345
,99.759680,36.558421
,99.666984,37.303270
,99.758448,37.258873
,99.570907,36.861526
,99.201823,37.318689
,99.376307,36.882127
,99.735663,37.171125
,99.426856,37.281035
,99.435633,37.327399
,99.305222,37.126687
,99.454435,37.058532
,99.868080,36.984461
,99.278759,37.104770
,99.721466,36.934267
,99.699640,37.019346
,99.594625,36.946200
,99.251741,37.073823
,99.766737,36.833212
,99.909012,36.591662
,99.849219,36.691732
,99.331780,37.093243
,99.329844,37.238071
,99.491430,37.336079
,99.422348,36.905583
,99.290055,36.950888
,100.324287,36.564726
,99.800407,36.819339
,99.364618,36.837157
,99.170746,37.318127
,99.215256,37.285670
,99.712284,37.097746
,100.215295,36.487238
,100.069299,36.372947
,99.250412,37.027056
,100.275459,36.627269
,100.046998,36.319476
,99.728884,37.204020
,99.608417,37.037916
,99.759134,36.601850
,99.840505,36.471924
,99.886761,36.702459
,100.178644,37.271723
,100.268559,37.238842
,99.653049,36.703588
,99.898164,36.707936
,99.270345,37.220897
,99.717561,36.852508
,99.867121,36.597717
,99.995954,36.450819
,99.378913,36.909287
,99.794254,36.911795
,99.223717,37.096797
,99.788550,36.499625
,99.690849,37.323898
,99.657477,36.877179
,100.123873,37.251078
,99.927764,36.692454
,99.697563,36.886057
,100.124447,36.359536
,99.506917,37.242520
,99.987641,36.588018
,99.925360,36.667180
,99.406267,37.006475
,100.252883,36.481840
,99.883271,36.472045
,99.601485,36.974712
,99.290056,37.309731
,99.935135,36.437029
,99.445544,37.131719
,99.397463,36.997481
,100.279781,36.514266
,99.704086,36.824537
,99.917519,36.520862
,99.722741,36.998440
,99.425336,37.333224
,99.327621,37.105161
,99.750756,36.981397
,100.026093,37.256932
,100.054509,37.169011
,99.633951,37.310779
,99.922005,36.690132
,99.479929,36.951370
,99.664168,36.677739
,99.587449,36.772295
,100.313226,37.142141
,99.835058,36.714557
,99.465278,37.190525
,99.749494,37.148674
,99.699731,36.818332
,99.829664,37.179277
,100.105473,37.195677
,100.118245,36.646688
,100.116412,36.460968
,99.517197,36.813407
,100.318219,37.250548
,99.341778,36.848511
,99.916495,37.299236
,99.690890,36.655660
,99.938778,36.451090
,99.819280,36.913724
,99.567669,36.687466
,99.677156,36.845099
,99.670113,36.631645
,99.359674,37.232070
,99.926026,37.018375
,99.276307,37.173320
,99.408913,36.808062
,99.715789,36.943613
,99.769394,36.685760
,99.344895,36.942196
,99.519793,36.794943
,100.071967,37.190304
,99.584697,36.832398
,99.876907,37.264318
,99.858601,37.237408
,100.169820,37.218412
,100.232161,36.498352
,99.746903,37.269862
,99.490406,37.208257
,99.557359,36.910035
,99.687346,36.719108
,99.795218,37.287443
,99.653081,36.764546
,99.598695,36.818187
,99.383868,37.240791
,100.055177,36.301180
,99.972316,36.672791
,100.090242,36.668083
,99.714084,37.301444
,100.026608,36.487109
,99.316227,37.265077
,99.377228,36.973597
,99.728809,37.006248
,99.827717,36.687587
,99.626526,36.940457
,99.742432,36.588916
,99.605465,36.802691
,99.527115,37.076495
,99.787457,37.096805
,99.747318,36.803721
,99.401726,37.232273
,100.061518,37.185353
,99.574497,37.179077
,100.050699,37.261099
,99.211750,37.341253
,99.350914,37.053643
,99.987600,36.467448
,100.109712,36.583205
,99.452695,36.997939
,100.144639,37.187416
,99.595437,36.728213
,100.111231,36.530342
,100.143480,36.339855
,99.597348,36.691209
,99.530312,36.798386
,99.780742,36.722207
,99.745232,37.028115
,99.963209,36.537342
,99.486578,36.931414
,99.601955,36.671847
,99.885663,37.248309
,99.603450,36.868133
,100.112087,36.405193
,99.893867,36.568235
,99.311795,37.319766
,99.521734,37.054820
,99.231604,37.051048
,99.350774,37.238720
,99.649618,36.963746
,99.909669,37.298574
,99.724648,36.648922
,99.562319,37.000863
,100.106868,36.612281
,100.122805,36.310276
,99.941183,36.543029
,99.465745,37.151583
,99.252000,37.021275
,99.667490,37.222981
,99.604127,37.193983
,99.570004,37.221751
,99.817408,36.576265
,100.279218,36.513146
,100.081914,36.394655
,99.668653,36.804174
,99.365299,37.058363
,100.074697,36.557410
,100.157041,37.233540
,99.926895,36.645370
,99.396814,37.312668
,99.692612,36.643475
,99.270693,37.155214
,99.836065,37.275826
,99.656586,36.756213
,100.090794,37.203318
,99.433988,37.309302
,99.536112,37.096540
,99.288170,37.030424
,99.811424,37.060158
,99.627194,37.220970
,100.302342,36.657813
,100.027962,36.438345
,99.271680,37.307816
,99.332747,36.951137
,99.574683,36.662482
,100.019649,36.609920
,99.841471,37.028373
,99.851211,36.642829
,100.053252,37.224948
,99.803468,36.798116
,99.507181,37.150980
,99.752290,36.921606
,100.082778,36.485529
,99.261620,37.253390
,100.283277,36.581672
,100.137043,37.261304
,99.790034,36.517246
,99.429385,37.317261
,99.367825,37.208763
,100.068884,37.213898
,99.953709,36.697464
,99.519639,36.723255
,99.792595,36.684627
,99.492473,36.963071
,99.623939,37.244337
,100.246346,37.194162
,99.604271,36.831309
,99.776871,36.749732
,99.451737,36.801397
,100.184942,36.434778
,99.340104,37.362674
,99.852361,37.034729
,100.018525,37.232008
,100.354627,37.088038
,99.710029,37.226484
,99.371144,37.138037
,100.004892,36.649136
,100.121113,36.645431
,100.035355,36.347995
,99.205692,37.279602
,99.806160,36.494194
,100.313370,37.181036
,99.808576,36.826672
,99.249807,37.004319
,99.854061,37.196790
,99.716967,36.838030
,99.337949,37.185015
,99.199064,37.174754
,99.671270,36.717925
,99.675349,37.199227
,99.816660,36.999054
,99.734184,36.766471
,100.188756,37.198480
,100.081159,37.284270
,99.294746,37.139831
,99.678424,37.072403
,99.474055,37.091022
,99.208764,37.213631
,99.550457,36.970149
,99.482648,36.895516
,100.100877,36.623173
,100.112268,36.582407
,99.953644,36.685488
,99.798018,36.686181
,100.209575,36.616275
,100.376981,37.198426
,99.501671,37.026850
,99.951800,37.272497
,99.726613,37.208621
,99.892057,36.956364
,99.463792,37.138631
,99.764429,37.262147
,99.400048,36.859619
,99.392466,36.884023
,99.853208,36.946485
,100.293563,36.595794
,100.031785,36.547820
,99.848165,36.640041
,99.134588,37.265144
,99.947372,36.447718
,99.647525,37.166071
,99.823737,36.913767
,99.500442,37.163691
,99.750501,37.204743
,100.350311,37.202368
,99.418393,36.818416
,100.351475,37.198453
,99.355763,37.219828
,99.752497,37.020586
,99.875663,36.723878
,99.703482,37.232992
,99.734678,37.251493
,99.690480,37.243092
,99.997592,36.400522
,99.745870,36.921363
,99.663421,37.276019
,100.146918,37.247374
,99.481647,36.860496
,99.506139,36.757679
,100.247864,37.220642
,100.086417,37.278574
,99.841842,36.964088
,99.458560,36.906248
,100.208131,37.182391
,99.707693,36.811995
,99.762500,37.027935
,99.355550,36.916177
,99.674304,37.075620
,99.361715,37.150007
,99.739568,36.734909
,99.891169,37.054170
,100.252298,37.200074
,100.259846,37.224415
,100.278236,37.178245
,99.670708,37.298028
,99.629474,37.170448
,99.763046,37.287293
,99.546721,37.040053
,99.662097,37.193963
,100.075853,36.476668
,99.794367,37.188405
,100.084768,36.496812
,99.818240,36.912541
,99.715733,36.758549
,99.734030,37.145027
,99.492499,36.827223
,99.644312,36.619060
,100.111364,36.385486
,99.696262,36.847379
,99.817112,36.516347
,99.795123,36.968541
,99.479173,36.737087
,99.929276,36.415065
,99.660088,37.033443
,100.152947,36.599579
,100.034058,36.607490
,100.319937,36.630047
,100.224397,36.632240
,99.503390,37.075585
,99.694012,37.226874
,99.953652,36.584517
,99.811985,36.577454
,100.237605,36.559704
,99.382282,37.269344
,99.863122,37.075532
,99.442169,36.887262
,99.537639,36.996064
,99.765338,36.639052
,99.481680,37.066414
,99.807889,37.083823
,99.174195,37.214462
,99.201270,37.317502
,99.377556,37.338029
,100.108893,36.363680
,100.282070,37.246098
,99.952143,36.448175
,99.508199,36.841561
,99.372464,36.902073
,99.599076,36.743581
,99.130140,37.298504
,99.898192,36.474368
,99.901274,36.619608
,100.292788,36.654286
,99.974615,36.690281
,100.001749,37.279099
,100.056340,36.427122
,99.347602,37.019706
,100.265061,37.176054
,99.544683,36.921724
,100.235127,36.446233
,99.720477,37.127501
,100.064642,36.654701
,99.343224,37.305638
,99.346872,36.864170
,99.475060,36.929255
,100.010850,36.511918
,99.603930,37.173623
,100.163464,36.450468
,99.713202,37.161647
,99.622877,37.071784
,100.112227,36.584660
,99.576885,37.139124
,100.287888,37.223907
,99.959387,36.476063
,99.470214,36.976943
,99.316119,37.092068
,99.574983,36.879221
,99.539256,37.166997
,99.613039,36.740792
,99.855195,36.949634
,99.670478,37.016510
,99.523279,36.876658
,99.476457,37.225512
,99.579052,37.114481
,99.676929,37.111344
,100.063862,37.203152
,99.481338,37.061881
,100.029135,36.597807
,99.805014,37.207429
,99.807724,36.522840
,99.646033,36.796242
,99.745401,36.965555
,100.199139,36.628640
,99.341998,37.006683
,99.681693,37.163430
,99.930021,36.533527
,99.720486,37.183252
,99.937649,37.261628
,100.122660,36.299234
,99.869421,37.246387
,99.242379,37.141970
,99.559311,37.143833
,100.225241,36.661777
,99.770377,37.303735
,100.206356,36.516937
,99.963683,36.410201
,100.012446,36.541407
,100.083828,36.634816
,99.670518,36.774029
,99.925263,36.648780
,99.989346,36.540396
,100.130196,36.516331
,100.029374,36.651330
,100.134141,37.233979
,99.847175,36.749439
,99.918065,36.447744
,99.951702,36.627747
,100.368927,36.670372
,99.810046,36.975928
,99.547373,36.804120
,100.135751,36.508843
,100.217668,36.450616
,99.693355,36.708758
,100.286717,37.205330
,99.579111,36.763884
,99.802438,36.918501
,99.175401,37.307618
,99.786236,36.706556
,99.705375,37.241928
,99.881087,37.243982
,99.495921,37.122825
,99.430103,37.188260
,99.143909,37.309331
,100.189366,37.206268
,99.327421,37.060395
,99.813338,37.297518
,100.111693,37.160286
,99.762026,37.261862
,99.374935,37.202597
,99.775721,36.805445
,99.876353,36.636861
,99.926614,36.400135
,99.732928,37.018125
,99.659253,36.612630
,99.736713,36.724159
,100.214723,36.655302
,99.782892,36.987158
,99.797096,37.227220
,99.648177,36.957831
,100.086610,36.442830
,99.302666,36.946032
,99.745102,37.100920
,99.328670,36.935883
,99.469553,36.946889
,99.726408,36.976691
,100.188134,36.442267
,100.058582,36.384747
,99.996579,37.273871
,100.174946,36.493117
,99.263505,37.222059
,99.644370,36.709386
,99.411083,37.299562
,99.495657,36.774280
,100.048678,37.164383
,99.792707,37.259140
,100.126288,36.442078
,99.799523,36.928889
,99.249537,37.035662
,99.504356,36.980864
,99.557904,37.176401
,99.927035,36.529656
,99.743645,36.977816
,99.521415,36.799295
,99.886137,36.977637
,99.667819,36.995267
,99.921985,36.726032
,99.549039,37.280437
,99.331514,37.186168
,99.570290,37.048773
,99.460775,37.137350
,99.722275,36.574568
,99.792279,36.798056
,99.616469,36.924557
,100.261460,36.668205
,99.400753,36.859271
,99.567988,37.305263
,99.539852,36.835904
,100.240651,37.161491
,100.024729,37.209005
,100.144095,36.533711
,99.417257,37.070307
,100.155900,36.437773
,99.284880,37.206880
,99.273104,37.327503
,99.876505,37.269601
,99.782987,36.687107
,100.256187,36.533559
,100.016886,36.632721
,99.566647,36.932947
,99.703425,37.120827
,99.420358,37.263901
,99.837194,37.219048
,99.504934,36.960529
,99.721240,36.591311
,99.734770,37.202402
,99.950173,36.602665
,99.890487,36.632606
,99.533804,37.127821
,99.472862,36.984129
,99.811098,36.551396
,100.310660,36.542713
,99.722306,36.762659
,99.588836,37.081506
,99.517520,37.233786
,99.733389,37.112040
,100.045983,36.310347
,100.218002,36.635853
,99.746126,37.303118
,100.253893,36.467906
,99.336209,37.316134
,99.877474,36.970932
,99.126341,37.292041
,99.448864,36.946084
,100.298774,36.584438
,99.822598,36.579617
,99.314420,37.044121
,99.936874,36.534887
,99.723674,36.596277
,99.940961,36.544730
,99.896609,37.024205
,99.842349,36.538939
,99.669601,37.252733
,100.131127,37.280249
,99.323611,37.211794
,99.788187,36.545307
,99.859959,37.028782
,99.659895,37.065375
,99.601238,36.990431
,99.667927,37.165801
,99.680982,36.707111
,99.740594,36.931620
,99.386625,36.924941
,99.557029,36.936632
,99.538429,36.887655
,99.631754,37.285293
,100.098305,36.607755
,99.761189,37.212392
,99.796553,36.722539
,99.652468,37.257508
,99.941461,36.639453
,99.519940,37.341039
,99.311873,36.864294
,99.885606,36.572226
,99.401898,37.341112
,99.305120,37.100776
,99.650505,37.009496
,99.630198,37.104753
,99.199227,37.200105
,99.503901,36.792211
,99.458621,37.004718
,99.602344,36.938295
,99.600657,37.258988
,99.795336,36.680989
,99.616594,37.039237
,99.173434,37.166581
,99.380231,37.199132
,99.747807,36.842692
,100.269699,37.250470
,99.644922,37.298124
,99.355110,36.918715
,99.265640,37.092373
,99.918358,36.419032
,99.743834,37.262399
,99.760049,37.148912
,99.419762,37.011406
,99.656830,36.719794
,99.482002,37.244972
,99.874709,36.506986
,100.164188,36.369121
,100.338427,37.251232
,99.362436,37.056797
,99.389190,36.804968
,99.237054,37.305584
,99.760720,37.186150
,99.772110,37.196012
,99.943193,37.216810
,99.868575,36.474027
,99.624203,36.865283
,99.807112,36.682505
,99.804815,36.813827
,100.172606,36.605438
,99.887418,36.463458
,99.259076,37.317672
,99.773461,36.548617
,99.616264,37.183097
,99.355773,37.294518
,100.023930,36.590964
,99.843333,37.247754
,99.635043,36.926465
,99.631092,37.126950
,99.689576,37.194407
,99.661191,36.725615
,99.923092,37.272462
,99.524505,37.129401
,99.657430,37.119118
,100.146483,36.568281
,100.066693,37.262439
,99.815753,37.028700
,99.781712,37.266027
,100.380021,36.686637
,99.291668,37.173925
,99.957197,36.460980
,99.884847,36.982464
,100.298190,37.251291
,99.725705,37.142621
,99.513202,37.259825
,99.580891,37.144106
,99.629424,36.851778
,99.851552,36.947786
,99.270770,37.173192
,99.427612,36.787172
,100.067892,36.368614
,100.325373,36.569467
,99.721053,36.716150
,99.992619,36.384404
,99.848932,36.698364
,99.369609,37.306453
,100.021878,36.658159
,99.570348,36.816316
,99.265694,37.119870
,99.844700,36.993214
,99.779493,36.645570
,99.390148,37.039585
,99.482162,36.802034
,99.633758,36.789858
,100.062421,36.603148
,99.782448,36.561666
,99.977266,36.621461
,99.500436,36.917275
,99.675452,37.324365
,99.641962,36.656515
,100.309322,36.679889
,99.759722,36.724967
,100.272987,37.251637
,100.182627,37.226748
,99.456582,37.013499
,99.912705,36.402334
,99.864666,36.564945
,99.832108,36.979085
,100.141844,37.175735
,99.850108,37.074411
,99.171809,37.200125
,99.606249,37.068209
,99.532198,37.093003
,99.422631,36.835848
,100.067486,37.183213
,99.616049,37.298201
,100.273901,36.568700
,99.966109,36.400247
,99.457786,37.047617
,100.139256,36.311271
,99.278643,37.120712
,99.715400,36.611832
,100.074810,36.415262
,99.754201,36.837002
,99.764147,36.924028
,99.540263,37.054330
,99.821163,36.791148
,99.632056,37.064763
,100.013440,36.630230
,100.030484,36.629335
,99.550808,37.159807
,99.535651,36.950699
,100.121715,36.528252
,100.274445,36.645666
,99.224160,37.077468
,100.101410,36.520251
,99.499530,36.950957
,99.259977,37.238486
,99.573356,36.989542
,99.844534,36.932401
,99.448180,36.770148
,100.082563,36.491570
,100.010111,36.345025
,99.303247,37.363057
,99.393547,37.136087
,99.620701,36.979660
,99.754614,36.824039
,99.382733,36.936173
,99.844873,36.958147
,99.764742,37.053747
,100.072184,36.411913
,99.160530,37.208732
,99.974604,36.679116
,99.597146,36.894628
,99.549430,36.970866
,99.684672,36.623685
,100.151200,36.514582
,99.474114,37.194777
,99.848860,36.731275
,100.366213,37.229526
,99.996501,37.272930
,99.292222,37.043152
,99.864170,36.462147
,99.835028,37.063140
,99.766445,36.845222
,99.713845,37.287998
,99.320356,37.357656
,99.764351,36.730026
,100.020886,37.233686
,99.698075,36.711557
,99.731003,36.659963
,100.011303,36.338594
,99.952301,36.493181
,100.265301,36.533844
,100.145843,36.378634
,100.013450,37.284178
,99.705272,36.826383
,100.317658,36.607011
,99.564687,36.697905
,100.351873,37.151732
,99.710829,36.650972
,99.980684,36.453485
,99.753254,36.710750
,100.138446,36.374109
,99.615515,37.123484
,99.272568,37.132965
,100.007182,36.635850
,100.377160,37.085329
,99.683403,36.603070
,99.725502,37.228165
,99.560560,37.125588
,99.922198,36.564595
,99.903436,36.969165
,100.062742,36.628778
,99.620279,36.826009
,100.187334,36.574148
,99.889162,37.252784
,100.370527,37.076225
,100.124041,36.546750
,99.216460,37.122315
,100.051941,36.631854
,100.054314,36.349299
,99.787449,36.551339
,100.360590,37.129218
,99.813235,36.572565
,99.428301,36.904730
,99.568513,36.883177
,100.114035,36.654280
,99.878037,37.200043
,99.534003,36.976233
,99.426197,37.187729
,99.971093,36.572167
,99.782730,36.725562
,99.393212,37.211911
,99.746204,37.059549
,99.852401,36.609033
,100.044829,36.569409
,99.788434,37.312204
,99.699331,37.138422
,99.493648,36.951224
,100.201554,36.418415
,99.650769,36.782002
,99.561628,37.334983
,99.544480,36.836466
,100.320842,37.202238
,100.030233,36.402549
,99.310001,37.022887
,100.344918,37.180486
,99.936235,36.570699
,100.163485,36.511436
,99.970631,37.247585
,100.044061,37.205024
,99.424160,37.193156
,99.356210,36.830810
,99.521437,37.329922
,100.045674,36.505503
,99.946613,36.637407
,99.676728,37.025929
,99.564158,37.118860
,99.633147,37.247697
,99.660070,36.875101
,100.069114,36.608970
,100.222960,36.623084
,99.433494,37.332664
,100.199383,37.172434
,100.205802,36.504410
,99.911690,36.668171
,99.615381,36.630663
,100.170124,36.485385
,99.678084,37.091421
,100.164205,37.172340
,99.377134,37.068195
,100.286509,36.577346
,99.731952,36.838108
,99.649611,37.175170
,100.110626,37.231831
,99.811409,36.507865
,99.488565,37.063147
,99.983812,36.461790
,100.071731,36.431479
,99.608264,36.732848
,99.515370,37.142469
,99.223121,37.345679
,100.181390,36.429174
,100.108687,37.176816
,99.410859,37.088723
,99.318118,37.239016
,99.773693,37.081657
,100.177897,37.211052
,99.951829,36.510657
,99.666570,37.264195
,100.046335,36.472600
,100.296006,36.648453
,99.668798,36.775604
,99.309230,37.105316
,99.435226,37.055341
,100.037666,37.185510
,99.868227,36.664060
,99.506127,37.018242
,99.639089,37.037882
,100.248833,37.200982
,99.524130,37.302767
,99.611279,37.012636
,99.456439,37.072546
,99.233069,37.336160
,100.136424,36.622961
,99.318146,37.179199
,99.831856,36.745401
,99.604504,36.719042
,99.758761,36.833862
,99.900863,36.966735
,100.207708,36.397554
,99.516465,36.749715
,100.042446,37.260259
,99.371945,36.858902
,100.201009,36.591152
,99.230198,37.273693
,99.869458,36.986293
,99.375940,36.942785
,100.219199,36.672045
,99.711721,36.750458
,99.461421,37.336431
,99.228651,37.347961
,99.646502,36.933812
,100.090377,36.660765
,99.418506,37.049120
,100.167790,36.363695
,100.037573,36.444923
,99.897713,37.184374
,100.027019,36.387078
,99.874460,36.970528
,99.654173,36.788597
,100.257004,37.234357
,99.425640,37.321132
,99.425714,37.339754
,99.510069,36.870843
,99.988652,36.652472
,99.736970,36.559913
,100.218484,36.574482
,99.188903,37.328427
,100.158761,36.368938
,99.603853,36.789519
,99.813122,37.181521
,99.546811,36.971855
,100.022189,37.252139
,99.819068,36.597211
,99.472865,37.140510
,100.060746,36.356666
,99.437745,36.774182
,99.565517,36.698354
,99.810051,36.580047
,99.290251,37.127734
,100.060030,36.587156
,100.151492,36.532391
,100.350003,37.111312
,99.280162,36.981374
,99.239192,37.166692
,99.566527,37.070827
,99.580830,36.993608
,99.971284,36.662948
,99.922378,36.439260
,100.023400,36.471576
,99.518224,37.197239
,99.437613,36.904873
,99.683871,36.976268
,99.192640,37.263380
,100.320759,36.673700
,100.008144,36.622985
,100.294204,36.674369
,100.018408,36.635653
,99.739131,36.726760
,100.264534,36.624458
,99.266076,37.246805
,99.882890,36.442466
,99.174828,37.205128
,100.359507,37.107236
,100.262578,36.660099
,99.847700,37.074670
,99.375038,37.322174
,99.459719,37.036468
,99.572815,37.333724
,99.682934,36.679868
,99.742511,36.816141
,100.357864,36.632711
,100.327608,37.191760
,99.452964,36.804552
,99.827841,37.199021
,99.195153,37.262444
,99.764300,36.707146
,99.631075,36.833185
,99.270021,36.966423
,99.311213,37.039505
,99.444876,37.331388
,99.531151,36.757750
,99.800705,36.704632
,100.071512,36.541409
,99.873696,37.032341
,99.839914,36.705745
,99.451216,36.923381
,99.355187,36.886504
,99.606073,36.957409
,100.082371,36.360838
,99.362359,37.291741
,99.375786,36.905640
,99.416993,36.871635
,99.526371,36.782908
,99.962952,36.364269
,99.762904,36.716601
,99.707415,37.301899
,99.787913,37.100780
,99.700275,37.054099
,99.507012,36.975721
,100.050246,36.388583
,99.187937,37.244340
,100.303769,36.531536
,99.782019,36.816987
,99.754011,36.929988
,99.597279,37.169061
,100.286728,37.253576
,99.406794,36.905668
,99.755552,36.575581
,99.477010,36.789553
,99.959308,37.280297
,99.353400,37.017793
,99.657376,36.994165
,99.471256,36.945148
,99.852121,36.653955
,99.547449,37.339585
,100.054464,37.203056
,100.370705,37.213294
,99.937604,36.378642
,99.652374,36.935063
,99.700180,37.013665
,100.174305,36.539999
,99.786506,36.976869
,99.910454,36.476639
,99.295712,36.944882
,99.605457,36.720456
,99.377997,37.080351
,99.428601,37.307602
,99.691627,36.946078
,99.466918,37.332210
,99.415804,37.023290
,100.164472,37.261589
,99.846981,36.593144
,99.492251,37.056426
,99.638237,36.890349
,99.422903,36.882052
,99.875083,36.674264
,100.046119,36.326686
,99.890189,36.615499
,99.231701,37.134766
,100.295808,36.534484
,99.837598,37.029705
,100.316112,36.554947
,100.064512,36.430476
,100.367753,37.138528
,99.900624,36.663036
,99.935060,36.640049
,100.241540,36.534553
,99.859186,36.671849
,99.563791,37.246415
,99.578603,37.285374
,99.912623,37.200130
,99.354400,37.286680
,99.850403,37.057855
,99.236593,37.101671
,99.826828,36.539481
,100.070670,36.449700
,99.771156,36.992871
,99.517678,36.943913
,100.145912,36.339187
,99.885442,36.436552
,99.280097,37.114768
,99.315746,36.903896
,99.976286,36.684765
,99.478535,37.292149
,99.365250,37.175435
,99.735768,36.924690
,99.651438,37.102344
,99.696684,37.066542
,99.624154,36.785019
,99.388829,37.270521
,99.814110,37.231291
,99.440184,37.033436
,99.660797,36.890645
,99.424331,37.332334
,100.248822,36.480937
,99.604462,36.879366
,100.285836,37.168643
,100.243918,36.477454
,99.515148,37.112076
,99.717968,37.127858
,99.639476,36.950174
,99.863194,36.453739
,99.906238,36.545029
,99.701458,36.669755
,100.060316,36.465960
,99.557160,36.936334
,100.375250,36.659562
,100.178297,37.248110
,100.291764,36.579739
,99.908083,36.417083
,100.119231,36.588987
,99.538618,36.688780
,99.826317,37.274079
,99.385843,37.189792
,99.684412,37.232721
,99.936995,36.631264
,99.760145,36.787632
,100.269548,36.564786
,99.314312,37.235628
,99.817099,37.083610
,100.070628,36.424395
,100.151273,36.603066
,99.625557,37.300807
,99.738182,37.274302
,99.670363,36.842330
,99.735858,37.008532
,99.263434,37.164510
,99.538151,36.911341
,100.085523,37.179874
,99.844286,36.561228
,99.691342,37.324676
,99.178765,37.259275
,99.624729,36.918129
,100.141980,36.637969
,99.558197,37.255388
,99.263964,37.168181
,99.839793,36.539812
,99.834387,37.008936
,99.728485,37.047204
,99.993177,37.274856
,100.018412,36.353682
,99.928043,36.605557
,100.343499,37.177641
,99.539529,37.215840
,99.855523,36.485641
,99.554219,37.035680
,100.024623,36.574809
,100.337204,37.150425
,99.908428,36.734455
,99.693291,36.603532
,99.938220,36.704105
,99.683091,36.783315
,99.239076,37.322774
,99.474590,37.115098
,100.302782,37.183290
,99.597450,36.913848
,99.724932,37.202139
,99.514825,37.137631
,99.410194,37.058468
,100.262285,37.239816
,99.360733,37.042436
,100.209943,36.608972
,99.654225,36.818531
,99.885867,36.527100
,100.029784,36.372598
,99.645897,37.281948
,99.782494,37.121607
,99.677615,36.829466
,99.908666,36.963629
,99.638029,36.820255
,99.699219,37.099934
,99.253473,37.246967
,100.070886,36.450896
,99.236291,37.345340
,100.113118,36.290517
,100.089996,36.545631
,100.215487,37.264740
,99.964506,36.439386
,99.366088,36.861009
,99.449425,36.794743
,100.204833,36.453049
,99.805072,36.615247
,99.592493,36.756362
,100.074192,36.521622
,99.234963,37.235570
,99.265832,37.085951
,99.334766,37.013000
,100.351779,37.236794
,99.414656,37.021009
,99.372554,36.901271
,99.510538,37.093436
,99.198377,37.288406
,99.329648,36.935462
,99.869773,36.694816
,99.513179,37.081355
,99.407531,37.062175
,99.461783,36.888848
,100.177643,37.266667
,100.370518,36.643840
,99.563950,36.852032
,100.072725,36.479050
,99.874587,37.017095
,99.774612,36.831873
,99.700188,36.998652
,99.169747,37.263933
,99.888215,37.189158
,100.126008,37.265391
,99.649029,37.141884
,99.648142,37.143384
,100.118582,36.294388
,99.283699,36.935389
,100.249766,36.467117
,99.350027,36.841139
,99.671965,37.301768
,99.974619,37.254718
,99.451537,36.852690
,100.022275,36.387241
,99.276758,37.130194
,100.363327,36.628135
,99.596347,37.272387
,99.479749,37.225669
,99.623441,36.660712
,99.572327,36.674054
,99.367073,37.092180
,100.098514,36.521348
,99.534962,37.236772
,99.622309,37.195218
,99.902518,36.447631
,99.522677,37.039761
,99.752515,36.609033
,99.705135,36.955384
,100.281471,37.261335
,100.178341,36.559553
,99.989461,36.499542
,99.962765,37.284258
,99.999106,36.403915
,99.787588,36.628214
,99.525667,36.869992
,100.027429,36.455298
,99.275950,37.266323
,99.481895,36.742527
,99.593914,36.781280
,99.885781,36.528762
,100.286001,36.554771
,99.256042,37.182991
,100.087117,36.632467
,99.943585,36.537443
,99.865921,37.230756
,100.297592,36.584637
,100.226196,36.505927
,100.092857,36.554406
,99.547618,36.865042
,99.753234,37.106929
,100.142948,36.327191
,99.686043,36.973742
,100.118652,36.347207
,99.431454,36.773999
,100.334596,37.125300
,99.325550,37.174489
,99.665764,36.655221
,99.372272,36.944721
,99.978473,36.687748
,99.193443,37.316825
,99.337039,36.856130
,99.387232,37.063625
,100.073359,36.462254
,99.717007,37.097693
,99.552145,37.269527
,99.186398,37.215312
,100.355192,37.245294
,99.360094,37.180044
,100.287166,36.524240
,99.432533,37.177633
,99.375990,37.347866
,99.280961,37.099612
,99.422179,37.270515
,100.288043,37.261112
,99.334312,37.312396
,99.184195,37.260349
,100.010593,37.262338
,99.277916,37.262045
,100.244800,37.222929
,99.924214,37.027384
,100.183129,36.538646
,99.444946,37.260771
,99.427592,36.859948
,100.058632,36.346443
,100.103118,36.618895
,99.592659,37.121563
,99.320049,37.057788
,99.606824,36.913658
,100.154622,36.536930
,99.623153,37.123800
,99.360565,36.886757
,99.841806,37.188262
,99.664943,37.036881
,99.834404,37.249910
,99.478922,36.819378
,99.987027,36.675539
,100.165278,36.605845
,99.940052,36.661977
,99.353448,37.204393
,100.210089,37.161137
,100.170056,36.423050
,99.293961,36.963875
,99.441712,37.286372
,99.859817,36.710495
,99.807298,37.004882
,99.521731,36.941055
,99.732909,37.027778
,100.341277,37.133685
,99.508669,37.008407
,99.714272,36.967939
,99.380556,37.235308
,99.485920,37.077693
,100.040340,36.433617
,100.133626,37.248379
,100.084486,37.227588
,100.110914,36.531307
,99.743384,36.817653
,99.421741,37.322416
,100.140512,36.349582
,99.603644,37.029580
,99.206671,37.158771
,99.702311,37.129190
,99.197334,37.270748
,100.337820,36.679501
,99.476409,36.751944
,99.849685,36.738904
,99.455155,36.832385
,99.599551,37.245560
,99.566765,36.858388
,99.527749,37.338663
,99.669317,36.957512
,99.780238,36.692102
,99.704468,37.280842
,100.070784,36.355258
,100.119443,36.344343
,99.262018,37.103991
,100.277834,36.495270
,100.262352,36.567657
,99.537115,36.749580
,100.149174,36.509370
,99.910026,36.753538
,100.144641,36.474707
,99.363811,37.307508
,100.175636,36.406958
,99.601005,36.694930
,99.773156,37.111343
,100.135859,36.399445
,100.054987,36.614231
,99.546534,36.726265
,99.806056,36.911750
,99.540811,37.222838
,99.422614,37.057303
,99.403714,37.212167
,99.851589,37.286413
,99.440551,36.773039
,99.979416,36.496040
,100.015801,36.516715
,100.121406,36.412353
,99.690099,37.252464
,100.079255,37.234873
,99.807036,36.494643
,99.615022,37.008109
,99.817780,36.639546
,99.463659,37.076067
,100.316274,36.653625
,99.849288,36.561603
,99.826543,37.006769
,99.440632,36.836962
,99.894391,37.019722
,99.980308,36.636271
,100.051103,37.180143
,100.326336,37.142381
,99.745875,36.853613
,99.749715,36.797952
,99.530463,37.236287
,100.119769,37.195215
,100.122644,36.528037
,100.154175,37.261536
,100.135076,36.652824
,100.205383,37.266260
,99.448627,37.006323
,99.662853,37.163892
,99.571375,37.317938
,99.917526,36.706798
,99.730555,37.151609
,99.371167,36.922766
,99.782600,37.291415
,99.902913,37.285801
,99.981460,36.654648
,99.618362,36.950144
,99.596043,37.216933
,99.615105,36.871530
,99.277692,37.096467
,99.626050,37.091537
,99.571171,37.005184
,100.225559,36.482567
,100.266369,37.253382
,99.704210,36.732981
,99.464113,36.826223
,100.353070,37.187587
,99.488308,37.189320
,100.198344,36.601279
,100.129461,36.647123
,99.495666,37.111740
,99.712699,37.037689
,100.262640,36.635854
,99.433770,37.081421
,99.875404,36.542822
,99.971276,37.295210
,99.927130,36.426942
,100.177148,36.436327
,99.757013,37.023058
,100.096103,36.589860
,99.331186,37.222976
,99.477569,36.997137
,99.440066,37.046485
,99.245850,37.052768
,99.677840,37.197437
,99.598921,37.122486
,100.225606,36.590738
,99.813378,36.932273
,99.952952,36.434441
,100.199623,37.211112
,99.335452,37.032467
,99.505470,36.802989
,99.382003,37.042043
,99.847817,37.040578
,100.281631,36.612356
,99.640815,37.059959
,100.198879,36.435383
,99.371341,37.178828
,99.790694,36.834333
,99.637588,37.081198
,99.457761,36.884821
,100.190575,36.390336
,100.047107,36.571277
,99.667500,37.231604
,99.363670,37.052429
,99.805529,36.985833
,100.112842,36.513420
,99.689320,37.012122
,99.600824,37.003906
,99.723820,37.077401
,99.410260,36.841415
,99.561098,36.847526
,100.319287,37.155273
,100.028832,37.228900
,99.638213,37.040801
,99.783293,37.153527
,99.325647,37.046424
,99.579572,37.226949
,99.459890,36.760251
,100.291334,37.199895
,99.712408,36.804724
,99.984473,36.576467
,99.471712,37.077625
,99.687483,36.751227
,99.290650,36.958976
,99.673709,36.851755
,99.761834,37.109677
,99.476147,37.189354
,99.788027,36.559549
,99.483775,36.909205
,99.718208,36.604720
,99.623045,36.857980
,99.652238,37.067404
,99.537295,37.286025
,99.407875,36.994479
,99.406362,36.988508
,100.163844,37.190718
,99.667008,36.760346
,100.162906,36.481203
,99.516332,36.795156
,99.749762,36.857317
,99.790642,36.732508
,100.195204,36.477713
,99.859201,37.012749
,99.718668,36.643407
,100.030377,36.316081
,99.302448,37.306155
,99.207037,37.353540
,99.505547,36.877710
,99.748033,36.796757
,100.019428,36.438199
,99.918293,36.553336
,99.461651,37.218053
,99.992815,37.289243
,100.046212,37.216360
,99.479628,36.846100
,99.657083,37.329142
,99.290219,37.127339
,99.559979,36.765000
,100.037442,36.445728
,99.556749,37.040807
,100.069752,37.159058
,99.241175,37.278391
,99.530422,37.081821
,99.670777,36.604288
,99.542109,36.891711
,100.233645,36.621622
,99.549688,37.209598
,99.975315,36.676513
,99.421294,36.818399
,99.442940,37.162155
,99.551381,37.321060
,100.200127,36.649747
,99.283768,37.051119
,99.665778,37.050176
,99.881842,36.540319
,99.739153,36.679254
,99.870734,36.696530
,99.771595,37.104396
,99.744100,37.143308
,99.371413,37.258227
,99.711276,37.066887
,99.503031,36.813385
,99.619467,36.761581
,99.754700,36.940683
,99.990300,37.269607
,100.026359,36.318765
,99.432694,37.231007
,99.568975,36.809713
,100.055686,36.660217
,99.428537,36.934744
,100.025272,36.616035
,99.402309,36.941592
,99.350883,37.236616
,99.746145,36.828487
,99.288693,36.940544
,100.374517,36.681796
,100.366863,37.222345
,99.538698,36.751128
,100.070896,36.467250
,100.143302,37.237270
,99.342487,36.932329
,100.337962,37.162059
,99.705906,36.694795
,99.686593,37.156185
,99.495140,36.813667
,100.202727,36.654316
,100.370826,37.192446
,100.137791,36.424097
,100.111680,37.260863
,99.568987,36.899930
,99.740793,36.706121
,99.800851,37.084062
,99.286038,37.104254
,100.297437,36.612637
,99.196569,37.196729
,99.681438,37.171662
,100.141490,36.342576
,99.968778,36.577978
,100.238360,36.557018
,100.088315,37.243353
,100.000542,36.529905
,99.673328,37.071985
,99.598931,36.935252
,99.506724,36.984226
,99.631659,36.739312
,99.490029,37.203802
,99.717299,36.863407
,100.216537,36.422117
,99.600650,37.120895
,99.722340,37.058923
,99.675612,37.141088
,99.869654,36.674458
,99.592605,36.999227
,100.248157,37.191074
,99.581529,36.709864
,99.732841,36.822428
,100.351586,36.597730
,100.048099,37.250073
,99.683953,37.163011
,99.639295,36.725560
,99.548413,36.834640
,99.709810,36.773532
,100.219937,36.609796
,99.520159,37.265074
,99.444877,37.021253
,99.909528,36.997806
,100.299712,36.666426
,99.617855,37.034656
,100.154624,37.237870
,100.056764,36.451591
,99.238063,37.187031
,100.064629,37.159721
,99.815064,36.675671
,100.024056,36.570664
,100.373658,36.683524
,100.231368,36.519747
,99.511086,37.339461
,99.806028,36.831615
,99.742048,36.941345
,99.869537,36.614454
,99.799670,36.529883
,99.468451,37.174435
,99.576666,37.317300
,100.071023,36.380201
,99.583338,36.705554
,99.729545,36.792357
,99.491626,36.930495
,99.239651,37.251053
,99.359405,37.167516
,99.309356,37.137674
,99.442787,37.160765
,100.148326,36.642521
,99.735090,36.794220
,99.852794,36.528193
,100.148379,36.514681
,99.704046,36.867627
,99.981450,36.378741
,100.106203,37.162366
,100.183876,36.639858
,100.196163,36.480846
,99.875887,36.530386
,99.895058,36.961657
,99.380987,37.109560
,99.834751,36.704277
,100.075627,36.672575
,99.767035,36.510295
,100.148153,37.216729
,100.177086,36.455628
,99.401468,37.028928
,99.934385,36.463494
,100.026824,36.344836
,100.225720,36.508466
,99.400314,37.340829
,99.842411,36.604109
,100.272367,36.520971
,99.388319,37.173029
,99.793585,36.512720
,100.233842,36.650120
,100.225143,36.545897
,99.518592,36.891856
,100.144905,36.626049
,100.003624,37.258143
,100.319135,36.556308
,99.978589,36.579718
,99.974179,36.638380
,99.449305,36.807517
,99.777185,37.126030
,100.004930,36.582246
,100.214448,36.616284
,99.494054,37.044947
,100.009981,37.230162
,100.322811,37.218487
,99.863607,37.199562
,99.542869,36.763254
,100.336754,36.632945
,99.885631,36.669080
,99.890045,36.659217
,99.673655,36.586626
,99.893507,36.614810
,99.275987,37.181193
,100.186176,36.428198
,99.319701,37.026530
,99.711213,36.688661
,99.809702,37.037095
,99.567866,36.897304
,99.650381,36.980261
,99.379836,36.829014
,99.991573,36.470782
,99.660649,36.605013
,99.576750,36.860512
,99.848354,36.601927
,99.718663,36.854648
,99.241445,37.244386
,99.532938,36.891057
,99.811937,37.080668
,99.778893,36.833665
,99.522576,36.726307
,99.914128,37.245757
,99.653913,36.991533
,99.471748,36.816702
,99.676430,36.942857
,99.304527,37.059178
,99.916063,37.202228
,99.616170,37.179775
,99.415770,36.917248
,99.657044,36.808145
,99.606130,37.200909
,99.738829,36.708740
,99.439232,37.276036
,99.734566,36.563633
,99.717579,36.591637
,99.528791,36.764443
,99.843252,37.037355
,99.633739,36.669179
,99.172699,37.271237
,99.723794,36.626704
,99.345394,37.281868
,99.720981,36.608615
,99.711432,36.649076
,99.467117,36.842826
,100.239305,36.449973
,99.592102,36.906174
,99.620588,36.666007
,99.302300,37.306800
,99.615346,36.965707
,99.733683,36.710270
,99.818392,36.499986
,100.123344,36.377955
,99.826055,36.928936
,99.432526,36.883199
,99.906990,36.423465
,99.858472,36.525972
,99.502569,37.043362
,99.680836,36.776318
,99.855721,36.661250
,100.320709,37.233345
,99.577707,36.737349
,99.380963,36.898162
,100.023850,36.473288
,99.331293,36.850743
,100.111180,36.480873
,99.251961,37.234755
,100.170685,36.611293
,99.535787,37.264105
,100.171126,36.589644
,100.179164,36.537829
,99.304832,37.277570
,99.630407,36.829318
,99.358280,37.290279
,99.346567,36.914412
,99.891947,36.657947
,99.599692,36.903919
,99.682837,36.591653
,100.235288,36.611456
,99.624167,37.294428
,99.300549,37.226541
,99.850618,37.242137
,99.822867,37.094315
,99.461149,37.259885
,99.228378,37.170395
,99.286219,37.173715
,99.801490,37.033115
,99.549141,37.186700
,99.880658,36.961649
,99.942484,36.623419
,100.137818,37.200564
,99.865627,37.263087
,99.714142,36.756058
,99.624669,37.271621
,99.488942,37.187952
,99.392962,37.260507
,99.402940,36.809482
,100.261160,36.501204
,99.550446,37.010946
,99.745240,36.741701
,99.650846,37.131024
,100.010674,36.406395
,99.641026,37.168580
,99.847432,36.752190
,100.142423,37.235362
,100.001265,37.277550
,99.425655,37.291524
,99.213537,37.191683
,99.513471,36.953693
,99.317998,37.243247
,99.573738,36.968052
,100.357458,36.625538
,99.440606,36.979382
,99.720252,37.233652
,99.673500,37.115165
,99.808528,36.738280
,99.473572,36.754012
,100.119101,37.279603
,99.230633,37.173065
,99.895409,36.711561
,99.569402,36.680381
,99.766097,37.052861
,99.833673,37.006048
,100.175072,37.186160
,99.970636,36.406537
,99.343493,36.975794
,99.703895,36.573238
,100.113694,37.209777
,99.188242,37.281886
,99.518286,37.225924
,99.321806,37.293322
,100.019478,36.683553
,99.852271,37.020038
,99.482402,37.209197
,100.185954,36.653262
,99.728337,37.028016
,99.642573,36.649533
,99.531015,36.785156
,99.433489,37.162149
,99.205055,37.341674
,99.767524,37.287440
,99.991467,36.530025
,99.718023,36.872048
,99.625021,37.074885
,100.325354,37.124185
,99.425178,36.886372
,99.682495,37.003797
,99.564139,36.747261
,99.774025,37.294622
,99.227925,37.366656
,99.595987,36.650538
,99.979714,36.524423
,99.685884,37.308231
,100.164619,36.498608
,99.652429,37.177407
,99.707449,37.122048
,99.944582,36.533478
,100.203212,36.404473
,99.773896,36.514135
,99.809585,36.827024
,99.764438,37.305616
,99.693243,37.029793
,99.672376,36.673607
,100.154176,36.605216
,99.871366,36.671118
,100.050603,36.582554
,99.665544,36.652764
,100.375060,37.167506
,100.236942,36.556435
,99.526654,37.134766
,99.721202,36.777292
,99.400056,37.123407
,99.553563,36.966403
,99.764425,37.171543
,100.269331,36.539425
,99.333980,37.258652
,100.212748,36.622058
,99.284513,37.113597
,99.514789,36.979948
,100.094929,37.222955
,99.642146,36.963409
,99.218303,37.279499
,99.789245,36.844231
,99.878132,36.679395
,99.624527,37.123475
,99.733499,36.787166
,99.687938,37.006482
,99.785881,36.533544
,99.328429,37.039057
,100.233468,36.499425
,99.682954,36.724000
,100.088740,36.614289
,99.542706,37.339090
,99.576797,36.906942
,99.673138,37.000760
,99.448646,37.217751
,100.107180,36.538222
,100.311734,36.557505
,99.353288,37.328157
,99.353598,37.239445
,100.064952,36.461767
,99.600679,37.300221
,99.615209,36.866587
,100.039712,37.256459
,100.137042,36.620968
,99.733479,36.760776
,99.523373,36.938448
,99.674631,37.115119
,99.783443,37.154890
,99.463064,36.788493
,99.729179,37.062207
,99.545296,36.961761
,100.183293,36.565871
,99.670263,36.886267
,99.681334,36.963443
,99.197797,37.241468
,100.062800,36.630237
,100.146457,36.359528
,99.469534,36.767560
,100.260714,37.192618
,99.393802,37.051694
,100.050067,36.670748
,99.711231,37.238859
,99.559734,37.322644
,99.326862,37.180434
,99.445191,37.176220
,99.899686,37.235805
,99.431135,36.939930
,100.183950,36.482073
,99.850051,36.747328
,99.857842,36.503275
,99.278996,37.335744
,100.095848,36.474592
,99.186743,37.337299
,100.218170,36.668144
,99.358368,36.862813
,100.356093,36.633611
,99.461574,36.807254
,100.148964,36.626137
,99.768388,36.707695
,100.176754,36.649808
,99.371229,36.907292
,99.990155,36.426112
,99.182742,37.220115
,99.407080,37.301538
,99.999120,36.491823
,99.852291,37.253480
,99.338143,36.917523
,99.531290,36.919632
,100.234207,37.164210
,99.464173,37.292575
,99.274096,37.136835
,99.405233,37.194110
,99.810629,37.208829
,99.624030,36.998382
,100.060028,36.512519
,99.507034,37.260980
,100.021929,37.285328
,99.387180,36.912087
,100.112953,36.662788
,100.261047,36.630934
,99.442614,37.011303
,99.483788,37.016747
,100.035971,36.513891
,100.094441,36.616396
,99.792417,36.537137
,99.386237,36.938515
,99.587110,36.831343
,99.321209,36.942537
,99.781134,37.316720
,99.704911,36.723495
,99.448315,37.131576
,99.339891,37.319515
,99.260168,37.227713
,100.150202,36.477494
,99.694095,37.314471
,99.780994,37.095203
,99.728458,37.240390
,99.712373,36.587465
,99.257635,37.112866
,99.494588,37.080534
,99.441650,37.084059
,100.083401,36.470849
,99.841131,36.502388
,99.337232,36.933850
,99.166605,37.182754
,99.415088,37.120981
,99.336973,36.964017
,99.766392,36.659469
,99.719965,36.791788
,99.797598,37.088031
,99.591134,37.215983
,99.614060,36.710577
,100.353306,37.090096
,99.969552,36.428720
,99.501947,36.775872
,99.632718,37.139294
,99.216461,37.337851
,99.581806,37.089583
,99.523300,37.204366
,100.191632,37.260645
,99.585051,36.992619
,99.602305,37.114937
,99.285957,36.959018
,100.054650,36.675285
,99.413624,37.009084
,99.504512,36.947858
,100.158176,36.388000
,99.719416,37.316532
,99.495043,37.192750
,99.661887,36.976506
,99.708952,36.785099
,99.656838,37.087655
,99.956015,36.645684
,99.442102,37.133242
,100.284250,36.535300
,99.509735,36.809220
,99.836640,36.571039
,99.498988,36.907222
,100.275894,37.225168
,99.766501,37.035392
,100.126782,36.577680
,99.318052,37.121800
,100.240833,36.635168
,99.837336,36.459809
,99.725893,36.777401
,99.815891,36.816332
,99.363273,37.257100
