"OBJECTID","x","y"
1,100.117000,36.282000
2,100.074000,36.287000
3,100.019000,36.315000
4,100.022000,36.318000
5,100.022000,36.318000
6,100.021000,36.328000
7,100.035000,36.328000
8,100.167000,36.335000
9,100.182000,36.432000
10,100.142000,36.433000
11,100.141000,36.580000
12,100.141000,36.580000
13,99.678000,36.583000
14,100.232000,36.588000
15,100.230000,36.589000
16,100.237000,36.589000
17,100.231000,36.590000
18,100.241000,36.592000
19,100.239000,36.593000
20,99.670000,36.594000
21,100.174000,36.595000
22,100.093000,36.597000
23,100.132000,36.599000
24,100.118000,36.608000
25,100.087000,36.612000
26,100.108000,36.615000
27,100.086000,36.616000
28,100.139000,36.620000
29,100.138000,36.622000
30,100.240000,36.623000
31,100.112000,36.626000
32,100.017000,36.631000
33,100.093000,36.631000
34,100.130000,36.631000
35,100.130000,36.631000
36,100.160000,36.631000
37,100.281000,36.631000
38,100.281000,36.631000
39,100.125000,36.632000
40,100.125000,36.632000
41,100.125000,36.632000
42,100.149000,36.632000
43,100.149000,36.632000
44,100.150000,36.632000
45,100.122000,36.633000
46,100.122000,36.633000
47,100.123000,36.633000
48,100.123000,36.633000
49,100.124000,36.633000
50,100.124000,36.633000
51,100.125000,36.633000
52,100.129000,36.633000
53,100.159000,36.633000
54,100.164000,36.633000
55,100.165000,36.633000
56,100.102000,36.634000
57,100.102000,36.634000
58,100.103000,36.634000
59,100.130000,36.634000
60,100.132000,36.634000
61,100.132000,36.634000
62,100.133000,36.634000
63,100.156000,36.634000
64,100.158000,36.634000
65,100.160000,36.634000
66,100.160000,36.634000
67,100.170000,36.634000
68,100.165000,36.635000
69,100.167000,36.635000
70,100.169000,36.635000
71,100.169000,36.635000
72,100.170000,36.635000
73,100.107000,36.636000
74,100.107000,36.636000
75,100.167000,36.636000
76,100.170000,36.636000
77,100.175000,36.636000
78,100.107000,36.637000
79,100.107000,36.637000
80,100.107000,36.637000
81,100.108000,36.637000
82,100.174000,36.637000
83,100.101000,36.638000
84,100.101000,36.638000
85,100.101000,36.638000
86,100.183000,36.638000
87,100.045000,36.639000
88,100.098000,36.639000
89,100.124000,36.639000
90,99.811000,36.640000
91,100.098000,36.640000
92,100.098000,36.640000
93,100.193000,36.641000
94,100.091000,36.642000
95,100.091000,36.642000
96,100.193000,36.642000
97,100.194000,36.642000
98,100.089000,36.643000
99,100.192000,36.644000
100,100.197000,36.644000
101,100.199000,36.644000
102,100.195000,36.646000
103,100.195000,36.646000
104,100.196000,36.646000
105,100.198000,36.646000
106,100.198000,36.646000
107,100.199000,36.646000
108,100.198000,36.647000
109,100.198000,36.647000
110,100.199000,36.647000
111,100.199000,36.647000
112,100.199000,36.647000
113,100.388000,36.648000
114,100.062000,36.649000
115,100.387000,36.649000
116,100.058000,36.650000
117,100.223000,36.650000
118,100.385000,36.650000
119,100.119000,36.651000
120,100.037000,36.654000
121,100.225000,36.654000
122,100.224000,36.655000
123,100.224000,36.655000
124,100.225000,36.655000
125,100.225000,36.655000
126,99.960000,36.659000
127,99.980000,36.664000
128,99.959000,36.670000
129,99.960000,36.670000
130,99.961000,36.670000
131,99.962000,36.670000
132,99.765000,36.671000
133,99.960000,36.671000
134,99.718000,36.677000
135,99.840000,36.682000
136,99.841000,36.683000
137,99.774000,36.684000
138,99.844000,36.690000
139,99.832000,36.699000
140,99.776000,36.707000
141,99.741000,36.710000
142,99.743000,36.712000
143,99.947000,36.719000
144,99.776000,36.720000
145,99.808000,36.721000
146,99.859000,36.723000
147,99.866000,36.726000
148,99.778000,36.727000
149,99.728000,36.728000
150,99.796000,36.728000
151,99.791000,36.729000
152,99.791000,36.729000
153,99.792000,36.729000
154,99.793000,36.729000
155,99.794000,36.729000
156,99.802000,36.729000
157,99.805000,36.729000
158,99.805000,36.729000
159,99.805000,36.729000
160,99.805000,36.729000
161,99.805000,36.729000
162,99.805000,36.729000
163,99.805000,36.729000
164,99.805000,36.729000
165,99.805000,36.729000
166,99.805000,36.729000
167,99.805000,36.729000
168,99.805000,36.729000
169,99.805000,36.729000
170,99.806000,36.729000
171,99.806000,36.729000
172,99.823000,36.729000
173,99.792000,36.730000
174,99.794000,36.730000
175,99.796000,36.730000
176,99.797000,36.730000
177,99.797000,36.730000
178,99.803000,36.730000
179,99.804000,36.730000
180,99.804000,36.730000
181,99.805000,36.730000
182,99.805000,36.730000
183,99.805000,36.730000
184,99.805000,36.730000
185,99.805000,36.730000
186,99.805000,36.730000
187,99.805000,36.730000
188,99.805000,36.730000
189,99.805000,36.730000
190,99.805000,36.730000
191,99.805000,36.730000
192,99.805000,36.730000
193,99.805000,36.730000
194,99.805000,36.730000
195,99.805000,36.730000
196,99.805000,36.730000
197,99.805000,36.730000
198,99.805000,36.730000
199,99.805000,36.730000
200,99.805000,36.730000
201,99.805000,36.730000
202,99.805000,36.730000
203,99.805000,36.730000
204,99.805000,36.730000
205,99.805000,36.730000
206,99.805000,36.730000
207,99.805000,36.730000
208,99.805000,36.730000
209,99.805000,36.730000
210,99.805000,36.730000
211,99.805000,36.730000
212,99.805000,36.730000
213,99.805000,36.730000
214,99.805000,36.730000
215,99.805000,36.730000
216,99.805000,36.730000
217,99.805000,36.730000
218,99.805000,36.730000
219,99.805000,36.730000
220,99.805000,36.730000
221,99.780000,36.731000
222,99.794000,36.731000
223,99.794000,36.731000
224,99.801000,36.731000
225,99.802000,36.731000
226,99.804000,36.731000
227,99.804000,36.731000
228,99.804000,36.731000
229,99.804000,36.731000
230,99.804000,36.731000
231,99.805000,36.731000
232,99.805000,36.731000
233,99.805000,36.731000
234,99.818000,36.731000
235,99.827000,36.731000
236,99.900000,36.731000
237,99.795000,36.732000
238,99.797000,36.732000
239,99.798000,36.732000
240,99.798000,36.732000
241,99.798000,36.732000
242,99.798000,36.732000
243,99.799000,36.732000
244,99.799000,36.732000
245,99.799000,36.732000
246,99.801000,36.732000
247,99.802000,36.732000
248,99.804000,36.732000
249,99.807000,36.732000
250,99.790000,36.733000
251,99.790000,36.733000
252,99.790000,36.733000
253,99.790000,36.733000
254,99.791000,36.733000
255,99.795000,36.733000
256,99.797000,36.733000
257,99.797000,36.733000
258,99.798000,36.733000
259,99.799000,36.733000
260,99.799000,36.733000
261,99.799000,36.733000
262,99.799000,36.733000
263,99.800000,36.733000
264,99.801000,36.733000
265,99.801000,36.733000
266,99.802000,36.733000
267,99.804000,36.733000
268,99.843000,36.733000
269,99.854000,36.733000
270,99.790000,36.734000
271,99.791000,36.734000
272,99.791000,36.734000
273,99.791000,36.734000
274,99.792000,36.734000
275,99.792000,36.734000
276,99.792000,36.734000
277,99.792000,36.734000
278,99.794000,36.734000
279,99.794000,36.734000
280,99.796000,36.734000
281,99.796000,36.734000
282,99.799000,36.734000
283,99.799000,36.734000
284,99.799000,36.734000
285,99.799000,36.734000
286,99.800000,36.734000
287,99.800000,36.734000
288,99.801000,36.734000
289,99.801000,36.734000
290,99.785000,36.735000
291,99.792000,36.735000
292,99.793000,36.735000
293,99.796000,36.735000
294,99.797000,36.735000
295,99.797000,36.735000
296,99.797000,36.735000
297,99.797000,36.735000
298,99.797000,36.735000
299,99.798000,36.735000
300,99.798000,36.735000
301,99.798000,36.735000
302,99.798000,36.735000
303,99.851000,36.735000
304,99.755000,36.736000
305,99.790000,36.736000
306,99.791000,36.736000
307,99.795000,36.736000
308,99.796000,36.736000
309,99.797000,36.736000
310,99.797000,36.736000
311,99.797000,36.736000
312,99.797000,36.736000
313,99.797000,36.736000
314,99.797000,36.736000
315,99.797000,36.736000
316,99.797000,36.736000
317,99.797000,36.736000
318,99.797000,36.736000
319,99.797000,36.736000
320,99.797000,36.736000
321,99.797000,36.736000
322,99.797000,36.736000
323,99.798000,36.736000
324,99.798000,36.736000
325,99.798000,36.736000
326,99.759000,36.737000
327,99.794000,36.737000
328,99.795000,36.737000
329,99.796000,36.737000
330,99.796000,36.737000
331,99.796000,36.737000
332,99.796000,36.737000
333,99.796000,36.737000
334,99.796000,36.737000
335,99.796000,36.737000
336,99.796000,36.737000
337,99.796000,36.737000
338,99.796000,36.737000
339,99.797000,36.737000
340,99.797000,36.737000
341,99.797000,36.737000
342,99.797000,36.737000
343,99.797000,36.737000
344,99.797000,36.737000
345,99.798000,36.737000
346,99.836000,36.737000
347,99.865000,36.737000
348,99.794000,36.738000
349,99.794000,36.738000
350,99.795000,36.738000
351,99.795000,36.738000
352,99.796000,36.738000
353,99.796000,36.738000
354,99.796000,36.738000
355,99.796000,36.738000
356,99.796000,36.738000
357,99.797000,36.738000
358,99.797000,36.738000
359,99.797000,36.738000
360,99.797000,36.738000
361,99.796000,36.739000
362,99.797000,36.739000
363,99.797000,36.739000
364,99.794000,36.740000
365,99.794000,36.740000
366,99.794000,36.740000
367,99.794000,36.740000
368,99.794000,36.740000
369,99.794000,36.740000
370,99.794000,36.740000
371,99.794000,36.740000
372,99.794000,36.740000
373,99.795000,36.740000
374,99.795000,36.740000
375,99.795000,36.740000
376,99.795000,36.740000
377,99.795000,36.740000
378,99.795000,36.740000
379,99.795000,36.740000
380,99.795000,36.740000
381,99.796000,36.740000
382,99.796000,36.740000
383,99.796000,36.740000
384,99.796000,36.740000
385,99.796000,36.740000
386,99.796000,36.740000
387,99.796000,36.740000
388,99.796000,36.740000
389,99.796000,36.740000
390,99.796000,36.740000
391,99.796000,36.740000
392,99.796000,36.740000
393,99.796000,36.740000
394,99.796000,36.740000
395,99.796000,36.740000
396,99.796000,36.740000
397,99.796000,36.740000
398,99.796000,36.740000
399,99.796000,36.740000
400,99.796000,36.740000
401,99.796000,36.740000
402,99.796000,36.740000
403,99.796000,36.740000
404,99.796000,36.740000
405,99.796000,36.740000
406,99.796000,36.740000
407,99.797000,36.740000
408,99.772000,36.741000
409,99.794000,36.741000
410,99.794000,36.741000
411,99.794000,36.741000
412,99.794000,36.741000
413,99.795000,36.741000
414,99.795000,36.741000
415,99.795000,36.741000
416,99.795000,36.741000
417,99.795000,36.741000
418,99.795000,36.741000
419,99.795000,36.741000
420,99.795000,36.741000
421,99.795000,36.741000
422,99.795000,36.741000
423,99.795000,36.741000
424,99.795000,36.741000
425,99.795000,36.741000
426,99.795000,36.741000
427,99.795000,36.741000
428,99.795000,36.741000
429,99.795000,36.741000
430,99.796000,36.741000
431,99.796000,36.741000
432,99.796000,36.741000
433,99.796000,36.741000
434,99.796000,36.741000
435,99.796000,36.741000
436,99.802000,36.741000
437,99.793000,36.742000
438,99.873000,36.742000
439,99.799000,36.743000
440,99.793000,36.745000
441,99.761000,36.746000
442,99.792000,36.747000
443,99.792000,36.747000
444,99.792000,36.747000
445,99.792000,36.747000
446,99.792000,36.747000
447,99.792000,36.747000
448,99.792000,36.747000
449,99.791000,36.748000
450,99.792000,36.748000
451,99.792000,36.748000
452,99.792000,36.748000
453,99.838000,36.748000
454,99.763000,36.749000
455,99.808000,36.750000
456,99.720000,36.753000
457,99.788000,36.757000
458,99.789000,36.758000
459,99.786000,36.761000
460,99.789000,36.761000
461,99.791000,36.762000
462,99.791000,36.762000
463,99.808000,36.762000
464,99.820000,36.768000
465,99.713000,36.775000
466,99.801000,36.783000
467,99.801000,36.783000
468,99.801000,36.783000
469,99.800000,36.790000
470,99.712000,36.798000
471,99.745000,36.811000
472,99.813000,36.812000
473,99.362000,36.848000
474,99.620000,36.855000
475,99.537000,36.859000
476,99.538000,36.859000
477,99.536000,36.860000
478,99.309000,36.865000
479,99.707000,36.880000
480,99.636000,36.900000
481,99.792000,36.910000
482,99.624000,36.912000
483,99.596000,36.913000
484,99.620000,36.914000
485,99.620000,36.915000
486,99.620000,36.918000
487,99.621000,36.920000
488,99.621000,36.920000
489,99.623000,36.927000
490,99.788000,36.928000
491,99.783000,36.929000
492,99.791000,36.930000
493,99.621000,36.931000
494,99.789000,36.932000
495,99.789000,36.932000
496,99.789000,36.932000
497,99.789000,36.932000
498,99.789000,36.932000
499,99.790000,36.932000
500,99.790000,36.932000
501,99.790000,36.932000
502,99.791000,36.932000
503,99.791000,36.932000
504,99.791000,36.932000
505,99.791000,36.932000
506,99.791000,36.932000
507,99.791000,36.932000
508,99.785000,36.933000
509,99.786000,36.933000
510,99.786000,36.933000
511,99.787000,36.933000
512,99.787000,36.933000
513,99.788000,36.933000
514,99.626000,36.934000
515,99.785000,36.934000
516,99.627000,36.935000
517,99.782000,36.935000
518,99.784000,36.935000
519,99.784000,36.935000
520,99.785000,36.935000
521,99.785000,36.935000
522,99.786000,36.935000
523,99.789000,36.935000
524,99.789000,36.935000
525,99.790000,36.935000
526,99.790000,36.935000
527,99.791000,36.935000
528,99.795000,36.935000
529,99.780000,36.936000
530,99.782000,36.936000
531,99.785000,36.936000
532,99.785000,36.936000
533,99.786000,36.936000
534,99.786000,36.936000
535,99.787000,36.936000
536,99.781000,36.937000
537,99.785000,36.937000
538,99.788000,36.937000
539,99.793000,36.939000
540,99.759000,36.940000
541,99.761000,36.940000
542,99.795000,36.941000
543,99.635000,36.942000
544,99.794000,36.942000
545,99.783000,36.943000
546,99.796000,36.943000
547,99.796000,36.943000
548,99.645000,36.945000
549,99.564000,36.947000
550,99.564000,36.947000
551,99.564000,36.947000
552,99.564000,36.947000
553,99.564000,36.947000
554,99.564000,36.947000
555,99.843000,36.949000
556,99.843000,36.949000
557,99.843000,36.949000
558,99.843000,36.949000
559,99.837000,36.951000
560,99.837000,36.951000
561,99.837000,36.951000
562,99.663000,36.953000
563,99.885000,36.953000
564,99.885000,36.953000
565,99.885000,36.953000
566,99.846000,36.954000
567,99.666000,36.956000
568,99.835000,36.956000
569,99.666000,36.957000
570,99.667000,36.957000
571,99.876000,36.957000
572,99.669000,36.959000
573,99.833000,36.959000
574,99.669000,36.960000
575,99.853000,36.962000
576,99.671000,36.963000
577,99.838000,36.963000
578,99.839000,36.963000
579,99.839000,36.963000
580,99.839000,36.963000
581,99.838000,36.964000
582,99.839000,36.964000
583,99.843000,36.964000
584,99.695000,36.965000
585,99.792000,36.965000
586,99.841000,36.965000
587,99.841000,36.965000
588,99.841000,36.965000
589,99.841000,36.965000
590,99.841000,36.965000
591,99.841000,36.965000
592,99.841000,36.965000
593,99.841000,36.965000
594,99.841000,36.965000
595,99.841000,36.965000
596,99.841000,36.965000
597,99.841000,36.965000
598,99.841000,36.965000
599,99.841000,36.965000
600,99.841000,36.965000
601,99.841000,36.965000
602,99.841000,36.965000
603,99.841000,36.965000
604,99.841000,36.965000
605,99.841000,36.965000
606,99.841000,36.965000
607,99.841000,36.965000
608,99.841000,36.965000
609,99.841000,36.965000
610,99.841000,36.965000
611,99.841000,36.965000
612,99.841000,36.965000
613,99.841000,36.965000
614,99.841000,36.965000
615,99.841000,36.965000
616,99.841000,36.965000
617,99.841000,36.965000
618,99.841000,36.965000
619,99.841000,36.965000
620,99.841000,36.965000
621,99.841000,36.965000
622,99.841000,36.965000
623,99.841000,36.965000
624,99.841000,36.965000
625,99.841000,36.965000
626,99.841000,36.965000
627,99.842000,36.965000
628,99.842000,36.965000
629,99.842000,36.965000
630,99.842000,36.965000
631,99.842000,36.965000
632,99.842000,36.965000
633,99.842000,36.965000
634,99.842000,36.965000
635,99.842000,36.965000
636,99.842000,36.965000
637,99.842000,36.965000
638,99.842000,36.965000
639,99.842000,36.965000
640,99.842000,36.965000
641,99.842000,36.965000
642,99.842000,36.965000
643,99.842000,36.965000
644,99.842000,36.965000
645,99.842000,36.965000
646,99.842000,36.965000
647,99.842000,36.965000
648,99.842000,36.965000
649,99.842000,36.965000
650,99.842000,36.965000
651,99.842000,36.965000
652,99.842000,36.965000
653,99.842000,36.965000
654,99.842000,36.965000
655,99.842000,36.965000
656,99.842000,36.965000
657,99.842000,36.965000
658,99.842000,36.965000
659,99.842000,36.965000
660,99.842000,36.965000
661,99.842000,36.965000
662,99.842000,36.965000
663,99.842000,36.965000
664,99.842000,36.965000
665,99.842000,36.965000
666,99.842000,36.965000
667,99.842000,36.965000
668,99.842000,36.965000
669,99.841000,36.966000
670,99.841000,36.966000
671,99.841000,36.966000
672,99.841000,36.966000
673,99.841000,36.966000
674,99.843000,36.966000
675,99.658000,36.967000
676,99.822000,36.967000
677,99.840000,36.967000
678,99.841000,36.967000
679,99.841000,36.967000
680,99.841000,36.967000
681,99.841000,36.967000
682,99.841000,36.967000
683,99.674000,36.968000
684,99.840000,36.968000
685,99.840000,36.968000
686,99.840000,36.968000
687,99.840000,36.968000
688,99.841000,36.968000
689,99.843000,36.968000
690,99.844000,36.968000
691,99.844000,36.968000
692,99.844000,36.968000
693,99.844000,36.968000
694,99.853000,36.968000
695,99.844000,36.969000
696,99.844000,36.969000
697,99.844000,36.969000
698,99.844000,36.969000
699,99.845000,36.969000
700,99.840000,36.970000
701,99.846000,36.970000
702,99.846000,36.970000
703,99.842000,36.971000
704,99.842000,36.971000
705,99.846000,36.971000
706,99.849000,36.971000
707,99.837000,36.972000
708,99.839000,36.972000
709,99.849000,36.972000
710,99.850000,36.972000
711,99.850000,36.972000
712,99.850000,36.972000
713,99.850000,36.972000
714,99.850000,36.972000
715,99.850000,36.972000
716,99.851000,36.972000
717,99.851000,36.972000
718,99.851000,36.972000
719,99.851000,36.972000
720,99.851000,36.972000
721,99.851000,36.972000
722,99.852000,36.973000
723,99.853000,36.973000
724,99.853000,36.973000
725,99.853000,36.973000
726,99.854000,36.973000
727,99.854000,36.973000
728,99.854000,36.973000
729,99.854000,36.973000
730,99.854000,36.973000
731,99.854000,36.973000
732,99.854000,36.973000
733,99.854000,36.973000
734,99.854000,36.973000
735,99.854000,36.973000
736,99.854000,36.973000
737,99.854000,36.973000
738,99.854000,36.973000
739,99.855000,36.974000
740,99.855000,36.974000
741,99.855000,36.974000
742,99.876000,36.974000
743,99.886000,36.974000
744,99.886000,36.974000
745,99.841000,36.975000
746,99.841000,36.975000
747,99.841000,36.975000
748,99.841000,36.975000
749,99.841000,36.975000
750,99.841000,36.975000
751,99.874000,36.975000
752,99.874000,36.975000
753,99.874000,36.975000
754,99.860000,36.976000
755,99.860000,36.976000
756,99.860000,36.976000
757,99.861000,36.976000
758,99.861000,36.976000
759,99.861000,36.976000
760,99.865000,36.976000
761,99.873000,36.976000
762,99.873000,36.976000
763,99.874000,36.976000
764,99.874000,36.976000
765,99.874000,36.976000
766,99.874000,36.976000
767,99.877000,36.976000
768,99.877000,36.976000
769,99.877000,36.976000
770,99.877000,36.976000
771,99.663000,36.977000
772,99.862000,36.977000
773,99.862000,36.977000
774,99.862000,36.977000
775,99.862000,36.977000
776,99.874000,36.977000
777,99.874000,36.977000
778,99.876000,36.977000
779,99.873000,36.978000
780,99.864000,36.979000
781,99.781000,36.982000
782,99.878000,36.984000
783,99.877000,36.988000
784,99.792000,36.997000
785,99.732000,37.001000
786,99.841000,37.009000
787,99.841000,37.009000
788,99.841000,37.009000
789,99.875000,37.015000
790,99.758000,37.038000
791,99.633000,37.058000
792,99.633000,37.058000
793,99.637000,37.067000
794,99.593000,37.070000
795,99.654000,37.074000
796,99.742000,37.075000
797,99.817000,37.079000
798,99.771000,37.082000
799,99.689000,37.084000
800,99.809000,37.091000
801,99.651000,37.094000
802,99.718000,37.095000
803,99.722000,37.098000
804,99.689000,37.099000
805,99.779000,37.100000
806,99.819000,37.100000
807,99.659000,37.101000
808,99.776000,37.102000
809,99.814000,37.103000
810,99.752000,37.104000
811,99.756000,37.104000
812,99.771000,37.104000
813,99.771000,37.104000
814,99.771000,37.104000
815,99.737000,37.106000
816,99.749000,37.106000
817,99.766000,37.106000
818,99.622000,37.107000
819,99.789000,37.109000
820,99.794000,37.110000
821,99.770000,37.111000
822,99.762000,37.112000
823,99.796000,37.112000
824,99.737000,37.113000
825,99.740000,37.113000
826,99.746000,37.115000
827,99.742000,37.116000
828,99.756000,37.116000
829,99.694000,37.117000
830,99.728000,37.117000
831,99.781000,37.117000
832,99.740000,37.118000
833,99.759000,37.118000
834,99.772000,37.118000
835,99.756000,37.119000
836,99.760000,37.119000
837,99.774000,37.119000
838,99.777000,37.119000
839,99.734000,37.120000
840,99.756000,37.120000
841,99.756000,37.120000
842,99.756000,37.120000
843,99.757000,37.120000
844,99.757000,37.120000
845,99.758000,37.120000
846,99.760000,37.120000
847,99.760000,37.120000
848,99.760000,37.120000
849,99.760000,37.120000
850,99.710000,37.121000
851,99.733000,37.121000
852,99.733000,37.121000
853,99.733000,37.121000
854,99.733000,37.121000
855,99.733000,37.121000
856,99.733000,37.121000
857,99.734000,37.121000
858,99.736000,37.121000
859,99.756000,37.121000
860,99.756000,37.121000
861,99.756000,37.121000
862,99.756000,37.121000
863,99.757000,37.121000
864,99.758000,37.121000
865,99.758000,37.121000
866,99.758000,37.121000
867,99.758000,37.121000
868,99.758000,37.121000
869,99.758000,37.121000
870,99.758000,37.121000
871,99.758000,37.121000
872,99.759000,37.121000
873,99.759000,37.121000
874,99.759000,37.121000
875,99.759000,37.121000
876,99.759000,37.121000
877,99.759000,37.121000
878,99.759000,37.121000
879,99.759000,37.121000
880,99.759000,37.121000
881,99.760000,37.121000
882,99.760000,37.121000
883,99.606000,37.122000
884,99.731000,37.122000
885,99.731000,37.122000
886,99.732000,37.122000
887,99.732000,37.122000
888,99.732000,37.122000
889,99.732000,37.122000
890,99.732000,37.122000
891,99.732000,37.122000
892,99.733000,37.122000
893,99.733000,37.122000
894,99.733000,37.122000
895,99.733000,37.122000
896,99.733000,37.122000
897,99.733000,37.122000
898,99.733000,37.122000
899,99.733000,37.122000
900,99.733000,37.122000
901,99.733000,37.122000
902,99.733000,37.122000
903,99.733000,37.122000
904,99.733000,37.122000
905,99.733000,37.122000
906,99.734000,37.122000
907,99.734000,37.122000
908,99.735000,37.122000
909,99.760000,37.122000
910,99.760000,37.122000
911,99.760000,37.122000
912,99.760000,37.122000
913,99.760000,37.122000
914,99.760000,37.122000
915,99.763000,37.122000
916,99.774000,37.122000
917,99.710000,37.123000
918,99.714000,37.123000
919,99.727000,37.123000
920,99.732000,37.123000
921,99.732000,37.123000
922,99.733000,37.123000
923,99.733000,37.123000
924,99.733000,37.123000
925,99.733000,37.123000
926,99.733000,37.123000
927,99.733000,37.123000
928,99.733000,37.123000
929,99.733000,37.123000
930,99.733000,37.123000
931,99.734000,37.123000
932,99.734000,37.123000
933,99.737000,37.123000
934,99.755000,37.123000
935,99.762000,37.123000
936,99.762000,37.123000
937,99.729000,37.124000
938,99.731000,37.124000
939,99.731000,37.124000
940,99.732000,37.124000
941,99.732000,37.124000
942,99.732000,37.124000
943,99.732000,37.124000
944,99.732000,37.124000
945,99.733000,37.124000
946,99.734000,37.124000
947,99.734000,37.124000
948,99.734000,37.124000
949,99.734000,37.124000
950,99.755000,37.124000
951,99.761000,37.124000
952,99.762000,37.124000
953,99.762000,37.124000
954,99.762000,37.124000
955,99.762000,37.124000
956,99.762000,37.124000
957,99.762000,37.124000
958,99.762000,37.124000
959,99.763000,37.124000
960,99.763000,37.124000
961,99.763000,37.124000
962,99.772000,37.124000
963,99.729000,37.125000
964,99.730000,37.125000
965,99.732000,37.125000
966,99.732000,37.125000
967,99.732000,37.125000
968,99.732000,37.125000
969,99.733000,37.125000
970,99.733000,37.125000
971,99.733000,37.125000
972,99.734000,37.125000
973,99.734000,37.125000
974,99.734000,37.125000
975,99.734000,37.125000
976,99.734000,37.125000
977,99.734000,37.125000
978,99.735000,37.125000
979,99.735000,37.125000
980,99.737000,37.125000
981,99.746000,37.125000
982,99.762000,37.125000
983,99.762000,37.125000
984,99.762000,37.125000
985,99.762000,37.125000
986,99.762000,37.125000
987,99.762000,37.125000
988,99.762000,37.125000
989,99.722000,37.126000
990,99.731000,37.126000
991,99.731000,37.126000
992,99.732000,37.126000
993,99.733000,37.126000
994,99.733000,37.126000
995,99.733000,37.126000
996,99.734000,37.126000
997,99.734000,37.126000
998,99.734000,37.126000
999,99.734000,37.126000
1000,99.761000,37.126000
1001,99.762000,37.126000
1002,99.764000,37.126000
1003,99.764000,37.126000
1004,99.764000,37.126000
1005,99.764000,37.126000
1006,99.765000,37.126000
1007,99.765000,37.126000
1008,99.765000,37.126000
1009,99.676000,37.127000
1010,99.761000,37.127000
1011,99.761000,37.127000
1012,99.761000,37.127000
1013,99.761000,37.127000
1014,99.762000,37.127000
1015,99.762000,37.127000
1016,99.765000,37.127000
1017,99.766000,37.127000
1018,99.766000,37.127000
1019,99.727000,37.128000
1020,99.728000,37.128000
1021,99.730000,37.128000
1022,99.730000,37.128000
1023,99.735000,37.128000
1024,99.735000,37.128000
1025,99.735000,37.128000
1026,99.735000,37.128000
1027,99.735000,37.128000
1028,99.735000,37.128000
1029,99.735000,37.128000
1030,99.736000,37.128000
1031,99.736000,37.128000
1032,99.736000,37.128000
1033,99.736000,37.128000
1034,99.737000,37.128000
1035,99.737000,37.128000
1036,99.754000,37.128000
1037,99.759000,37.128000
1038,99.761000,37.128000
1039,99.761000,37.128000
1040,99.761000,37.128000
1041,99.761000,37.128000
1042,99.761000,37.128000
1043,99.761000,37.128000
1044,99.761000,37.128000
1045,99.761000,37.128000
1046,99.761000,37.128000
1047,99.761000,37.128000
1048,99.761000,37.128000
1049,99.761000,37.128000
1050,99.713000,37.129000
1051,99.714000,37.129000
1052,99.725000,37.129000
1053,99.726000,37.129000
1054,99.732000,37.129000
1055,99.735000,37.129000
1056,99.736000,37.129000
1057,99.736000,37.129000
1058,99.736000,37.129000
1059,99.736000,37.129000
1060,99.736000,37.129000
1061,99.737000,37.129000
1062,99.737000,37.129000
1063,99.738000,37.129000
1064,99.755000,37.129000
1065,99.760000,37.129000
1066,99.761000,37.129000
1067,99.761000,37.129000
1068,99.761000,37.129000
1069,99.761000,37.129000
1070,99.761000,37.129000
1071,99.761000,37.129000
1072,99.761000,37.129000
1073,99.761000,37.129000
1074,99.761000,37.129000
1075,99.762000,37.129000
1076,99.686000,37.130000
1077,99.699000,37.130000
1078,99.719000,37.130000
1079,99.723000,37.130000
1080,99.725000,37.130000
1081,99.731000,37.130000
1082,99.735000,37.130000
1083,99.735000,37.130000
1084,99.735000,37.130000
1085,99.736000,37.130000
1086,99.736000,37.130000
1087,99.736000,37.130000
1088,99.736000,37.130000
1089,99.736000,37.130000
1090,99.736000,37.130000
1091,99.736000,37.130000
1092,99.737000,37.130000
1093,99.745000,37.130000
1094,99.756000,37.130000
1095,99.760000,37.130000
1096,99.760000,37.130000
1097,99.760000,37.130000
1098,99.760000,37.130000
1099,99.760000,37.130000
1100,99.760000,37.130000
1101,99.760000,37.130000
1102,99.760000,37.130000
1103,99.760000,37.130000
1104,99.761000,37.130000
1105,99.761000,37.130000
1106,99.761000,37.130000
1107,99.761000,37.130000
1108,99.761000,37.130000
1109,99.761000,37.130000
1110,99.761000,37.130000
1111,99.761000,37.130000
1112,99.761000,37.130000
1113,99.761000,37.130000
1114,99.761000,37.130000
1115,99.761000,37.130000
1116,99.761000,37.130000
1117,99.761000,37.130000
1118,99.761000,37.130000
1119,99.761000,37.130000
1120,99.761000,37.130000
1121,99.761000,37.130000
1122,99.761000,37.130000
1123,99.761000,37.130000
1124,99.761000,37.130000
1125,99.761000,37.130000
1126,99.761000,37.130000
1127,99.761000,37.130000
1128,99.761000,37.130000
1129,99.761000,37.130000
1130,99.761000,37.130000
1131,99.761000,37.130000
1132,99.761000,37.130000
1133,99.761000,37.130000
1134,99.761000,37.130000
1135,99.761000,37.130000
1136,99.761000,37.130000
1137,99.761000,37.130000
1138,99.761000,37.130000
1139,99.761000,37.130000
1140,99.761000,37.130000
1141,99.761000,37.130000
1142,99.761000,37.130000
1143,99.762000,37.130000
1144,99.762000,37.130000
1145,99.721000,37.131000
1146,99.723000,37.131000
1147,99.723000,37.131000
1148,99.723000,37.131000
1149,99.723000,37.131000
1150,99.723000,37.131000
1151,99.723000,37.131000
1152,99.723000,37.131000
1153,99.723000,37.131000
1154,99.724000,37.131000
1155,99.724000,37.131000
1156,99.724000,37.131000
1157,99.724000,37.131000
1158,99.724000,37.131000
1159,99.724000,37.131000
1160,99.730000,37.131000
1161,99.736000,37.131000
1162,99.736000,37.131000
1163,99.737000,37.131000
1164,99.737000,37.131000
1165,99.737000,37.131000
1166,99.737000,37.131000
1167,99.737000,37.131000
1168,99.756000,37.131000
1169,99.758000,37.131000
1170,99.760000,37.131000
1171,99.760000,37.131000
1172,99.760000,37.131000
1173,99.760000,37.131000
1174,99.760000,37.131000
1175,99.760000,37.131000
1176,99.760000,37.131000
1177,99.760000,37.131000
1178,99.760000,37.131000
1179,99.760000,37.131000
1180,99.760000,37.131000
1181,99.760000,37.131000
1182,99.760000,37.131000
1183,99.760000,37.131000
1184,99.760000,37.131000
1185,99.760000,37.131000
1186,99.760000,37.131000
1187,99.760000,37.131000
1188,99.760000,37.131000
1189,99.760000,37.131000
1190,99.760000,37.131000
1191,99.760000,37.131000
1192,99.760000,37.131000
1193,99.760000,37.131000
1194,99.760000,37.131000
1195,99.760000,37.131000
1196,99.760000,37.131000
1197,99.760000,37.131000
1198,99.760000,37.131000
1199,99.760000,37.131000
1200,99.760000,37.131000
1201,99.760000,37.131000
1202,99.760000,37.131000
1203,99.760000,37.131000
1204,99.760000,37.131000
1205,99.760000,37.131000
1206,99.760000,37.131000
1207,99.760000,37.131000
1208,99.760000,37.131000
1209,99.760000,37.131000
1210,99.760000,37.131000
1211,99.760000,37.131000
1212,99.761000,37.131000
1213,99.761000,37.131000
1214,99.761000,37.131000
1215,99.761000,37.131000
1216,99.761000,37.131000
1217,99.761000,37.131000
1218,99.761000,37.131000
1219,99.761000,37.131000
1220,99.761000,37.131000
1221,99.761000,37.131000
1222,99.761000,37.131000
1223,99.761000,37.131000
1224,99.761000,37.131000
1225,99.761000,37.131000
1226,99.761000,37.131000
1227,99.761000,37.131000
1228,99.761000,37.131000
1229,99.766000,37.131000
1230,99.720000,37.132000
1231,99.723000,37.132000
1232,99.735000,37.132000
1233,99.736000,37.132000
1234,99.736000,37.132000
1235,99.736000,37.132000
1236,99.736000,37.132000
1237,99.736000,37.132000
1238,99.736000,37.132000
1239,99.736000,37.132000
1240,99.736000,37.132000
1241,99.736000,37.132000
1242,99.737000,37.132000
1243,99.737000,37.132000
1244,99.737000,37.132000
1245,99.737000,37.132000
1246,99.737000,37.132000
1247,99.737000,37.132000
1248,99.737000,37.132000
1249,99.737000,37.132000
1250,99.737000,37.132000
1251,99.760000,37.132000
1252,99.760000,37.132000
1253,99.760000,37.132000
1254,99.760000,37.132000
1255,99.760000,37.132000
1256,99.760000,37.132000
1257,99.760000,37.132000
1258,99.760000,37.132000
1259,99.761000,37.132000
1260,99.761000,37.132000
1261,99.761000,37.132000
1262,99.761000,37.132000
1263,99.725000,37.133000
1264,99.725000,37.133000
1265,99.727000,37.133000
1266,99.733000,37.133000
1267,99.734000,37.133000
1268,99.734000,37.133000
1269,99.734000,37.133000
1270,99.734000,37.133000
1271,99.735000,37.133000
1272,99.735000,37.133000
1273,99.735000,37.133000
1274,99.736000,37.133000
1275,99.736000,37.133000
1276,99.736000,37.133000
1277,99.736000,37.133000
1278,99.736000,37.133000
1279,99.736000,37.133000
1280,99.736000,37.133000
1281,99.736000,37.133000
1282,99.736000,37.133000
1283,99.736000,37.133000
1284,99.736000,37.133000
1285,99.736000,37.133000
1286,99.736000,37.133000
1287,99.736000,37.133000
1288,99.736000,37.133000
1289,99.736000,37.133000
1290,99.736000,37.133000
1291,99.736000,37.133000
1292,99.736000,37.133000
1293,99.736000,37.133000
1294,99.736000,37.133000
1295,99.736000,37.133000
1296,99.736000,37.133000
1297,99.736000,37.133000
1298,99.736000,37.133000
1299,99.736000,37.133000
1300,99.736000,37.133000
1301,99.736000,37.133000
1302,99.736000,37.133000
1303,99.736000,37.133000
1304,99.736000,37.133000
1305,99.736000,37.133000
1306,99.737000,37.133000
1307,99.737000,37.133000
1308,99.737000,37.133000
1309,99.737000,37.133000
1310,99.737000,37.133000
1311,99.747000,37.133000
1312,99.748000,37.133000
1313,99.760000,37.133000
1314,99.760000,37.133000
1315,99.723000,37.134000
1316,99.725000,37.134000
1317,99.727000,37.134000
1318,99.732000,37.134000
1319,99.734000,37.134000
1320,99.734000,37.134000
1321,99.735000,37.134000
1322,99.760000,37.134000
1323,99.760000,37.134000
1324,99.760000,37.134000
1325,99.765000,37.134000
1326,99.725000,37.135000
1327,99.726000,37.135000
1328,99.727000,37.135000
1329,99.727000,37.135000
1330,99.727000,37.135000
1331,99.727000,37.135000
1332,99.728000,37.135000
1333,99.728000,37.135000
1334,99.728000,37.135000
1335,99.728000,37.135000
1336,99.728000,37.135000
1337,99.728000,37.135000
1338,99.728000,37.135000
1339,99.728000,37.135000
1340,99.728000,37.135000
1341,99.750000,37.135000
1342,99.757000,37.135000
1343,99.759000,37.135000
1344,99.759000,37.135000
1345,99.759000,37.135000
1346,99.759000,37.135000
1347,99.728000,37.136000
1348,99.772000,37.136000
1349,99.775000,37.136000
1350,99.756000,37.137000
1351,99.756000,37.137000
1352,99.757000,37.137000
1353,99.733000,37.138000
1354,99.735000,37.138000
1355,99.735000,37.138000
1356,99.748000,37.138000
1357,99.757000,37.138000
1358,99.757000,37.138000
1359,99.758000,37.138000
1360,99.769000,37.138000
1361,99.757000,37.139000
1362,99.770000,37.139000
1363,99.785000,37.139000
1364,99.656000,37.140000
1365,99.757000,37.140000
1366,99.757000,37.140000
1367,99.757000,37.140000
1368,99.761000,37.140000
1369,99.754000,37.141000
1370,99.758000,37.141000
1371,99.760000,37.141000
1372,99.764000,37.141000
1373,99.754000,37.142000
1374,99.754000,37.142000
1375,99.754000,37.142000
1376,99.755000,37.142000
1377,99.755000,37.142000
1378,99.758000,37.142000
1379,99.754000,37.143000
1380,99.755000,37.143000
1381,99.755000,37.143000
1382,99.755000,37.143000
1383,99.756000,37.143000
1384,99.756000,37.143000
1385,99.756000,37.143000
1386,99.756000,37.143000
1387,99.756000,37.143000
1388,99.756000,37.143000
1389,99.756000,37.143000
1390,99.756000,37.143000
1391,99.756000,37.143000
1392,99.756000,37.143000
1393,99.740000,37.144000
1394,99.755000,37.144000
1395,99.756000,37.144000
1396,99.755000,37.145000
1397,99.755000,37.145000
1398,99.756000,37.145000
1399,99.755000,37.146000
1400,99.757000,37.146000
1401,99.757000,37.146000
1402,99.757000,37.146000
1403,99.498000,37.147000
1404,99.498000,37.147000
1405,99.757000,37.147000
1406,99.772000,37.147000
1407,99.744000,37.148000
1408,99.722000,37.149000
1409,99.651000,37.150000
1410,99.756000,37.151000
1411,99.756000,37.152000
1412,99.707000,37.153000
1413,99.744000,37.153000
1414,99.654000,37.155000
1415,99.757000,37.155000
1416,100.322000,37.157000
1417,99.745000,37.159000
1418,100.231000,37.160000
1419,99.673000,37.168000
1420,100.247000,37.168000
1421,99.726000,37.172000
1422,100.320000,37.172000
1423,99.685000,37.174000
1424,99.739000,37.174000
1425,99.812000,37.174000
1426,100.322000,37.174000
1427,99.751000,37.175000
1428,99.316000,37.177000
1429,99.603000,37.179000
1430,100.308000,37.179000
1431,100.175000,37.180000
1432,100.224000,37.180000
1433,100.238000,37.180000
1434,100.275000,37.180000
1435,100.229000,37.181000
1436,100.211000,37.182000
1437,100.267000,37.182000
1438,100.304000,37.182000
1439,100.305000,37.182000
1440,100.304000,37.183000
1441,100.303000,37.184000
1442,100.249000,37.185000
1443,100.173000,37.186000
1444,100.247000,37.186000
1445,100.247000,37.186000
1446,100.248000,37.186000
1447,100.248000,37.186000
1448,100.248000,37.186000
1449,100.249000,37.186000
1450,100.249000,37.186000
1451,100.249000,37.186000
1452,100.249000,37.186000
1453,100.249000,37.186000
1454,100.249000,37.186000
1455,100.249000,37.186000
1456,100.249000,37.186000
1457,100.250000,37.186000
1458,100.250000,37.186000
1459,100.252000,37.186000
1460,100.262000,37.186000
1461,100.301000,37.186000
1462,100.301000,37.186000
1463,100.247000,37.187000
1464,100.247000,37.187000
1465,100.247000,37.187000
1466,100.248000,37.187000
1467,100.254000,37.187000
1468,100.301000,37.187000
1469,100.220000,37.189000
1470,100.255000,37.189000
1471,100.292000,37.189000
1472,100.299000,37.189000
1473,100.299000,37.189000
1474,100.299000,37.189000
1475,100.299000,37.189000
1476,100.378000,37.189000
1477,100.256000,37.190000
1478,100.297000,37.190000
1479,100.298000,37.190000
1480,100.298000,37.190000
1481,100.298000,37.190000
1482,100.298000,37.190000
1483,100.298000,37.190000
1484,100.298000,37.190000
1485,100.298000,37.190000
1486,100.298000,37.190000
1487,100.298000,37.190000
1488,100.298000,37.190000
1489,100.298000,37.190000
1490,100.298000,37.190000
1491,100.299000,37.190000
1492,100.299000,37.190000
1493,100.252000,37.191000
1494,100.256000,37.191000
1495,100.296000,37.191000
1496,100.296000,37.191000
1497,100.296000,37.191000
1498,100.296000,37.191000
1499,100.296000,37.191000
1500,100.296000,37.191000
1501,100.296000,37.191000
1502,100.297000,37.191000
1503,100.297000,37.191000
1504,100.297000,37.191000
1505,100.297000,37.191000
1506,100.297000,37.191000
1507,100.297000,37.191000
1508,100.297000,37.191000
1509,100.297000,37.191000
1510,100.297000,37.191000
1511,100.297000,37.191000
1512,100.297000,37.191000
1513,100.297000,37.191000
1514,100.297000,37.191000
1515,100.297000,37.191000
1516,100.297000,37.191000
1517,100.297000,37.191000
1518,100.297000,37.191000
1519,100.297000,37.191000
1520,100.297000,37.191000
1521,100.297000,37.191000
1522,100.297000,37.191000
1523,100.297000,37.191000
1524,100.297000,37.191000
1525,100.297000,37.191000
1526,100.297000,37.191000
1527,100.297000,37.191000
1528,100.297000,37.191000
1529,100.297000,37.191000
1530,100.297000,37.191000
1531,100.297000,37.191000
1532,100.297000,37.191000
1533,100.297000,37.191000
1534,100.297000,37.191000
1535,100.297000,37.191000
1536,100.297000,37.191000
1537,100.297000,37.191000
1538,100.297000,37.191000
1539,100.297000,37.191000
1540,100.297000,37.191000
1541,100.297000,37.191000
1542,100.297000,37.191000
1543,100.297000,37.191000
1544,100.297000,37.191000
1545,100.297000,37.191000
1546,100.297000,37.191000
1547,100.297000,37.191000
1548,100.297000,37.191000
1549,100.297000,37.191000
1550,100.297000,37.191000
1551,100.299000,37.191000
1552,100.299000,37.191000
1553,99.780000,37.192000
1554,100.182000,37.192000
1555,100.261000,37.192000
1556,100.273000,37.192000
1557,100.293000,37.192000
1558,100.296000,37.192000
1559,100.296000,37.192000
1560,100.296000,37.192000
1561,100.296000,37.192000
1562,100.296000,37.192000
1563,100.296000,37.192000
1564,100.296000,37.192000
1565,100.296000,37.192000
1566,100.296000,37.192000
1567,100.296000,37.192000
1568,100.296000,37.192000
1569,100.296000,37.192000
1570,100.296000,37.192000
1571,100.296000,37.192000
1572,100.296000,37.192000
1573,100.296000,37.192000
1574,100.296000,37.192000
1575,100.296000,37.192000
1576,100.296000,37.192000
1577,100.296000,37.192000
1578,100.297000,37.192000
1579,100.297000,37.192000
1580,100.297000,37.192000
1581,100.297000,37.192000
1582,100.297000,37.192000
1583,100.297000,37.192000
1584,100.297000,37.192000
1585,100.297000,37.192000
1586,100.297000,37.192000
1587,100.297000,37.192000
1588,100.314000,37.192000
1589,100.331000,37.192000
1590,99.779000,37.193000
1591,99.780000,37.193000
1592,99.781000,37.193000
1593,100.261000,37.193000
1594,100.272000,37.193000
1595,100.295000,37.193000
1596,100.295000,37.193000
1597,100.295000,37.193000
1598,100.296000,37.193000
1599,100.296000,37.193000
1600,100.297000,37.193000
1601,99.260000,37.194000
1602,99.744000,37.194000
1603,100.259000,37.194000
1604,100.294000,37.194000
1605,100.294000,37.194000
1606,100.294000,37.194000
1607,100.294000,37.194000
1608,100.294000,37.194000
1609,100.294000,37.194000
1610,100.294000,37.194000
1611,100.294000,37.194000
1612,100.295000,37.194000
1613,100.295000,37.194000
1614,100.295000,37.194000
1615,100.295000,37.194000
1616,100.295000,37.194000
1617,100.295000,37.194000
1618,100.295000,37.194000
1619,100.295000,37.194000
1620,100.295000,37.194000
1621,100.295000,37.194000
1622,100.295000,37.194000
1623,100.295000,37.194000
1624,100.295000,37.194000
1625,100.295000,37.194000
1626,100.295000,37.194000
1627,100.295000,37.194000
1628,100.295000,37.194000
1629,100.295000,37.194000
1630,100.295000,37.194000
1631,100.295000,37.194000
1632,100.308000,37.194000
1633,100.173000,37.195000
1634,100.175000,37.195000
1635,100.176000,37.195000
1636,100.270000,37.195000
1637,100.271000,37.195000
1638,100.294000,37.195000
1639,100.294000,37.195000
1640,100.294000,37.195000
1641,100.294000,37.195000
1642,100.294000,37.195000
1643,100.294000,37.195000
1644,100.273000,37.196000
1645,100.284000,37.196000
1646,100.286000,37.196000
1647,100.308000,37.196000
1648,100.271000,37.197000
1649,100.273000,37.197000
1650,100.273000,37.197000
1651,100.274000,37.197000
1652,100.274000,37.197000
1653,100.274000,37.197000
1654,100.274000,37.197000
1655,100.274000,37.197000
1656,100.274000,37.197000
1657,100.275000,37.197000
1658,100.275000,37.197000
1659,100.275000,37.197000
1660,100.275000,37.197000
1661,100.275000,37.197000
1662,100.276000,37.197000
1663,100.277000,37.197000
1664,100.277000,37.197000
1665,100.277000,37.197000
1666,100.277000,37.197000
1667,100.277000,37.197000
1668,100.277000,37.197000
1669,100.278000,37.197000
1670,100.278000,37.197000
1671,100.278000,37.197000
1672,100.279000,37.197000
1673,100.279000,37.197000
1674,100.279000,37.197000
1675,100.279000,37.197000
1676,100.279000,37.197000
1677,100.279000,37.197000
1678,100.279000,37.197000
1679,100.279000,37.197000
1680,100.279000,37.197000
1681,100.279000,37.197000
1682,100.279000,37.197000
1683,100.279000,37.197000
1684,100.279000,37.197000
1685,100.280000,37.197000
1686,100.280000,37.197000
1687,100.280000,37.197000
1688,100.280000,37.197000
1689,100.280000,37.197000
1690,100.281000,37.197000
1691,100.281000,37.197000
1692,100.282000,37.197000
1693,100.289000,37.197000
1694,100.273000,37.198000
1695,100.274000,37.198000
1696,100.274000,37.198000
1697,100.274000,37.198000
1698,100.275000,37.198000
1699,100.275000,37.198000
1700,100.275000,37.198000
1701,100.276000,37.198000
1702,100.276000,37.198000
1703,100.276000,37.198000
1704,100.277000,37.198000
1705,100.277000,37.198000
1706,100.277000,37.198000
1707,100.277000,37.198000
1708,100.277000,37.198000
1709,100.277000,37.198000
1710,100.277000,37.198000
1711,100.277000,37.198000
1712,100.277000,37.198000
1713,100.277000,37.198000
1714,100.278000,37.198000
1715,100.278000,37.198000
1716,100.278000,37.198000
1717,100.279000,37.198000
1718,100.279000,37.198000
1719,100.279000,37.198000
1720,100.279000,37.198000
1721,100.279000,37.198000
1722,100.279000,37.198000
1723,100.279000,37.198000
1724,100.279000,37.198000
1725,100.279000,37.198000
1726,100.279000,37.198000
1727,100.279000,37.198000
1728,100.279000,37.198000
1729,100.279000,37.198000
1730,100.279000,37.198000
1731,100.280000,37.198000
1732,100.280000,37.198000
1733,100.280000,37.198000
1734,100.280000,37.198000
1735,100.280000,37.198000
1736,100.280000,37.198000
1737,100.280000,37.198000
1738,100.281000,37.198000
1739,100.281000,37.198000
1740,100.281000,37.198000
1741,100.281000,37.198000
1742,100.281000,37.198000
1743,100.281000,37.198000
1744,100.281000,37.198000
1745,100.281000,37.198000
1746,100.281000,37.198000
1747,100.281000,37.198000
1748,100.281000,37.198000
1749,100.281000,37.198000
1750,100.281000,37.198000
1751,100.281000,37.198000
1752,100.281000,37.198000
1753,100.282000,37.198000
1754,100.282000,37.198000
1755,100.282000,37.198000
1756,100.283000,37.198000
1757,100.310000,37.198000
1758,100.262000,37.199000
1759,100.270000,37.199000
1760,100.278000,37.199000
1761,100.279000,37.199000
1762,100.279000,37.199000
1763,100.279000,37.199000
1764,100.280000,37.199000
1765,100.280000,37.199000
1766,100.280000,37.199000
1767,100.280000,37.199000
1768,100.281000,37.199000
1769,100.281000,37.199000
1770,100.282000,37.199000
1771,100.282000,37.199000
1772,100.283000,37.199000
1773,100.283000,37.199000
1774,100.283000,37.199000
1775,100.285000,37.199000
1776,100.293000,37.199000
1777,100.255000,37.200000
1778,100.272000,37.200000
1779,100.280000,37.200000
1780,100.281000,37.200000
1781,100.282000,37.200000
1782,100.273000,37.201000
1783,100.274000,37.201000
1784,100.280000,37.201000
1785,100.251000,37.202000
1786,100.255000,37.202000
1787,100.274000,37.202000
1788,100.274000,37.202000
1789,100.277000,37.202000
1790,100.288000,37.202000
1791,99.198000,37.203000
1792,99.740000,37.203000
1793,100.275000,37.203000
1794,100.276000,37.203000
1795,100.282000,37.203000
1796,100.275000,37.204000
1797,100.283000,37.204000
1798,100.283000,37.204000
1799,100.193000,37.205000
1800,100.280000,37.205000
1801,100.283000,37.205000
1802,100.317000,37.205000
1803,100.250000,37.206000
1804,100.251000,37.206000
1805,100.251000,37.206000
1806,100.265000,37.206000
1807,100.379000,37.208000
1808,100.248000,37.209000
1809,100.285000,37.209000
1810,100.300000,37.210000
1811,99.205000,37.211000
1812,100.289000,37.211000
1813,100.242000,37.212000
1814,100.243000,37.212000
1815,100.272000,37.213000
1816,100.288000,37.215000
1817,100.262000,37.216000
1818,100.168000,37.217000
1819,100.230000,37.217000
1820,100.261000,37.217000
1821,100.263000,37.217000
1822,99.632000,37.219000
1823,99.251000,37.220000
1824,100.231000,37.220000
1825,100.242000,37.221000
1826,100.242000,37.221000
1827,100.242000,37.221000
1828,100.243000,37.221000
1829,100.284000,37.222000
1830,99.257000,37.223000
1831,100.290000,37.223000
1832,100.161000,37.224000
1833,100.252000,37.224000
1834,100.249000,37.227000
1835,100.338000,37.228000
1836,100.253000,37.230000
1837,100.253000,37.230000
1838,100.253000,37.230000
1839,100.265000,37.231000
1840,99.222000,37.236000
1841,100.251000,37.237000
1842,100.298000,37.237000
1843,100.253000,37.238000
1844,99.260000,37.239000
1845,99.260000,37.239000
1846,99.261000,37.240000
1847,99.262000,37.240000
1848,99.258000,37.241000
1849,99.262000,37.241000
1850,99.262000,37.241000
1851,99.277000,37.241000
1852,99.238000,37.242000
1853,99.239000,37.242000
1854,99.256000,37.242000
1855,99.228000,37.243000
1856,99.240000,37.243000
1857,99.242000,37.243000
1858,99.242000,37.243000
1859,99.257000,37.243000
1860,99.227000,37.244000
1861,99.237000,37.244000
1862,99.241000,37.244000
1863,99.242000,37.244000
1864,99.242000,37.244000
1865,99.242000,37.244000
1866,99.243000,37.244000
1867,99.243000,37.244000
1868,99.250000,37.244000
1869,99.250000,37.244000
1870,99.251000,37.244000
1871,99.253000,37.244000
1872,99.255000,37.244000
1873,99.256000,37.244000
1874,99.256000,37.244000
1875,99.256000,37.244000
1876,99.242000,37.245000
1877,99.242000,37.245000
1878,99.242000,37.245000
1879,99.243000,37.245000
1880,99.243000,37.245000
1881,99.243000,37.245000
1882,99.244000,37.245000
1883,99.256000,37.245000
1884,99.257000,37.245000
1885,99.257000,37.245000
1886,99.257000,37.245000
1887,100.331000,37.245000
1888,99.242000,37.247000
1889,99.273000,37.248000
1890,99.248000,37.249000
1891,99.248000,37.249000
1892,99.248000,37.249000
1893,99.249000,37.249000
1894,99.280000,37.249000
1895,99.470000,37.255000
1896,99.253000,37.256000
1897,99.252000,37.257000
1898,100.353000,37.258000
1899,99.257000,37.259000
1900,99.468000,37.259000
1901,99.266000,37.262000
1902,99.266000,37.262000
1903,99.267000,37.262000
1904,99.267000,37.262000
1905,99.267000,37.262000
1906,99.268000,37.262000
1907,99.268000,37.262000
1908,99.268000,37.262000
1909,99.268000,37.262000
1910,99.269000,37.262000
1911,99.261000,37.263000
1912,99.268000,37.263000
1913,99.268000,37.263000
1914,99.268000,37.263000
1915,99.269000,37.263000
1916,99.269000,37.263000
1917,99.270000,37.263000
1918,99.268000,37.264000
1919,99.269000,37.264000
1920,99.240000,37.265000
1921,99.277000,37.270000
1922,99.278000,37.270000
1923,99.278000,37.271000
1924,99.233000,37.272000
1925,99.314000,37.274000
1926,99.269000,37.278000
1927,99.269000,37.278000
1928,99.270000,37.278000
1929,99.270000,37.278000
1930,99.270000,37.278000
1931,99.270000,37.278000
1932,99.406000,37.278000
1933,99.405000,37.282000
1934,99.209000,37.284000
1935,99.292000,37.284000
1936,99.308000,37.294000
1937,99.113000,37.296000
1938,99.263000,37.298000
1939,99.198000,37.302000
1940,99.297000,37.313000
1941,99.313000,37.318000
1942,99.314000,37.318000
1943,99.309000,37.319000
1944,99.309000,37.319000
1945,99.309000,37.319000
1946,99.309000,37.319000
1947,99.310000,37.319000
1948,99.310000,37.319000
1949,99.310000,37.319000
1950,99.310000,37.319000
1951,99.310000,37.319000
1952,99.310000,37.319000
1953,99.310000,37.319000
1954,99.313000,37.319000
1955,99.310000,37.320000
1956,99.322000,37.328000
1957,99.266000,37.330000
1958,99.281000,37.352000
1959,99.226000,37.377000
