x,y
99.793,36.742
99.796,36.738
99.796,36.74
99.797,36.736
99.801,36.783
99.774,37.119
99.777,37.119
99.762,37.129
99.761,37.128
99.762,37.124
99.765,37.126
99.718,37.095
99.76,37.121
99.762,37.125
99.763,37.122
99.763,37.124
99.759,37.121
99.761,37.127
99.775,37.136
99.762,37.127
99.758,37.131
99.762,37.126
99.766,37.127
99.76,37.122
99.789,37.109
99.764,37.126
99.736,37.131
99.779,37.1
99.736,37.132
99.756,37.13
99.756,37.12
99.727,37.123
99.765,37.127
99.73,37.128
99.725,37.129
99.759,37.128
99.755,37.124
99.723,37.131
99.733,37.138
99.651,37.094
99.71,37.123
99.761,37.131
99.76,37.12
99.724,37.131
99.761,37.13
99.723,37.134
99.772,37.124
99.814,37.103
99.723,37.132
99.751,37.175
99.758,37.141
99.755,37.129
99.761,37.129
99.785,37.139
99.754,37.143
99.757,37.137
99.816,37.161
99.76,37.131
99.754,37.142
99.76,37.133
99.819,37.1
99.737,37.125
99.756,37.137
99.654,37.074
99.75,37.135
99.77,37.139
99.812,37.174
99.769,37.138
99.812,37.106
99.76,37.13
99.739,37.174
99.828,37.132
99.758,37.142
99.732,37.126
99.733,37.126
99.797,36.737
99.786,36.761
99.757,37.146
99.757,37.135
99.776,37.102
99.8,37.135
99.754,37.141
99.755,37.142
99.765,37.134
99.874,37.177
99.755,37.143
99.756,37.144
99.707,37.153
99.659,37.101
99.699,37.13
99.756,37.143
99.756,37.145
99.755,37.144
99.916,36.794
99.886,36.8
99.918,36.798
99.947,36.719
99.948,36.787
99.97,36.812
100.018,36.78
99.978,36.787
99.885,36.796
99.921,36.793
99.916,36.797
99.82,36.768
99.917,36.798
99.861,36.827
99.919,36.798
99.955,36.792
99.92,36.8
99.949,36.827
99.741,36.71
99.851,36.735
99.8,36.79
99.789,36.758
99.843,36.733
99.797,36.738
99.808,36.721
99.774,36.684
99.799,36.733
99.765,36.671
99.797,36.73
99.808,36.762
99.796,36.737
99.805,36.73
99.806,36.729
99.794,36.734
99.795,36.733
99.794,36.738
99.836,36.737
99.78,36.731
99.795,36.738
99.866,36.726
99.713,36.775
99.798,36.733
99.794,36.737
99.794,36.73
99.805,36.729
99.792,36.729
99.823,36.729
99.838,36.781
99.791,36.729
99.804,36.731
99.818,36.731
99.807,36.732
99.804,36.733
99.794,36.731
99.801,36.731
99.718,36.677
99.79,36.733
99.796,36.73
99.791,36.733
99.794,36.729
99.791,36.736
99.792,36.735
99.804,36.73
99.791,36.734
99.792,36.734
99.796,36.728
99.795,36.732
99.792,36.73
99.793,36.729
99.636,36.9
99.76,37.129
99.759,37.135
99.731,37.124
99.759,37.118
99.727,37.128
99.732,37.124
99.799,36.733
99.755,36.736
99.797,36.736
99.84,36.682
99.841,36.683
99.776,36.707
99.793,36.745
99.796,36.741
99.795,36.741
99.792,36.747
99.827,36.731
99.844,36.69
99.792,36.748
99.791,36.748
99.795,36.74
99.62,36.855
99.796,36.74
99.796,36.736
99.785,36.735
99.794,36.741
99.805,36.731
99.808,36.75
99.772,36.741
99.797,36.74
99.72,36.753
99.763,36.749
99.799,36.743
99.854,36.733
99.796,36.739
99.761,36.746
99.797,36.732
99.795,36.736
99.796,36.737
99.728,36.728
99.798,36.732
99.799,36.732
99.797,36.739
99.802,36.741
99.838,36.748
99.797,36.733
99.795,36.935
99.874,36.976
99.786,36.936
99.785,36.934
99.704,36.909
99.781,36.937
99.782,36.935
99.783,36.929
99.759,36.94
99.784,36.935
99.761,36.94
99.796,36.734
99.785,36.935
99.789,36.932
99.789,36.935
99.788,36.937
99.786,36.935
99.785,36.933
99.787,36.936
99.792,36.91
99.791,36.935
99.786,36.933
99.79,36.935
99.788,36.928
99.791,36.932
99.785,36.936
99.796,36.943
99.793,36.939
99.79,36.932
99.795,36.941
99.788,36.933
99.791,36.93
99.794,36.942
99.78,36.936
99.802,36.732
99.787,36.933
99.798,36.736
99.801,36.732
99.801,36.733
99.859,36.723
99.865,36.737
99.9,36.731
100.274,36.818
99.797,36.737
99.745,36.811
99.79,36.734
99.798,36.735
99.907,36.825
99.929,36.806
99.916,36.798
99.923,36.797
99.788,36.757
99.884,36.788
99.797,36.73
100.003,36.763
99.96,36.718
100.058,36.817
99.789,36.761
99.791,36.762
99.956,36.761
99.794,36.74
99.805,36.73
99.796,36.738
99.873,36.742
99.799,36.734
99.778,36.727
99.801,36.734
99.712,36.798
99.803,36.73
99.813,36.812
99.798,36.737
99.795,36.737
99.795,36.738
99.796,36.735
99.805,36.729
99.797,36.735
99.811,36.64
99.743,36.712
99.759,36.737
99.802,36.729
99.8,36.734
99.804,36.732
99.802,36.731
99.79,36.736
99.793,36.735
99.776,36.72
99.8,36.733
99.802,36.733
99.804,36.73
99.832,36.699
99.72,37.132
99.725,37.134
99.746,37.115
99.721,37.131
99.728,37.135
99.723,37.13
99.726,37.129
99.606,37.122
99.725,37.13
99.742,37.075
99.673,37.168
99.725,37.133
99.714,37.123
99.735,37.138
99.73,37.131
99.731,37.13
99.654,37.155
99.632,37.219
99.603,37.179
99.736,37.133
99.734,37.133
99.737,37.129
99.732,37.129
99.766,37.106
99.764,37.141
99.622,37.107
99.637,37.067
99.732,37.134
99.73,37.125
99.737,37.133
99.735,37.133
99.74,37.113
99.748,37.133
99.735,37.13
99.736,37.129
99.76,37.141
99.727,37.135
99.843,37.124
99.77,37.111
99.873,36.978
99.671,36.963
99.658,36.967
99.898,37.159
99.728,37.136
99.936,37.117
99.722,37.098
99.733,37.133
99.772,37.136
99.745,37.13
99.735,37.134
99.737,37.132
99.736,37.132
99.736,37.131
99.734,37.134
99.735,37.129
99.815,37.117
99.736,37.13
99.737,37.131
99.656,37.14
99.9,37.143
99.727,37.133
99.734,37.125
99.734,37.126
99.752,37.104
99.719,37.13
99.734,37.122
99.737,37.128
99.841,36.967
99.621,36.931
99.835,36.956
99.645,36.945
99.876,36.977
99.635,36.942
100.149,36.632
100.15,36.632
100.045,36.639
100.133,36.634
100.086,36.616
100.142,36.433
100.132,36.634
100.182,36.432
100.129,36.633
100.13,36.634
100.124,36.639
100.125,36.633
100.108,36.637
99.96,36.659
100.102,36.634
100.107,36.636
100.093,36.631
100.089,36.643
100.091,36.642
100.062,36.649
100.037,36.654
100.058,36.65
100.087,36.612
100.16,36.634
100.123,36.633
100.122,36.633
100.103,36.634
100.098,36.64
100.118,36.608
100.093,36.597
100.098,36.639
100.017,36.631
100.156,36.634
99.96,36.671
100.112,36.626
99.96,36.67
99.959,36.67
100.16,36.631
100.119,36.651
100.124,36.633
100.125,36.632
100.388,36.648
100.387,36.649
100.385,36.65
100.107,36.637
100.132,36.599
99.98,36.664
99.962,36.67
99.961,36.67
100.138,36.622
100.167,36.636
100.165,36.635
100.167,36.635
100.17,36.635
100.174,36.595
100.101,36.638
100.169,36.635
100.199,36.647
100.174,36.637
100.175,36.636
100.192,36.644
100.13,36.631
100.139,36.62
100.17,36.636
100.17,36.634
100.198,36.646
100.183,36.638
100.23,36.589
100.231,36.59
100.237,36.589
100.198,36.647
100.199,36.646
100.194,36.642
100.196,36.646
100.197,36.644
100.195,36.646
100.193,36.642
100.199,36.644
100.193,36.641
100.232,36.588
100.223,36.65
100.108,36.615
100.158,36.634
100.164,36.633
100.225,36.655
100.159,36.633
100.239,36.593
100.241,36.592
100.24,36.623
100.224,36.655
100.123,36.667
100.165,36.633
100.225,36.654
99.624,36.912
99.621,36.92
99.62,36.914
99.626,36.934
99.62,36.915
99.627,36.935
99.62,36.918
99.707,36.88
99.623,36.927
99.596,36.913
99.714,37.129
99.73,37.128
99.727,37.134
99.725,37.135
99.724,37.131
99.713,37.129
99.726,37.135
99.733,37.122
99.747,37.133
99.762,37.127
99.83,37.157
99.754,37.128
99.764,37.126
99.817,37.079
99.745,37.159
99.761,37.128
99.761,37.129
99.762,37.123
99.761,37.13
99.758,37.121
99.737,37.123
99.758,37.12
99.761,37.131
99.762,37.13
99.761,37.132
99.772,37.118
99.759,37.135
99.722,37.149
99.759,37.121
99.833,37.104
99.874,36.977
99.735,37.132
99.748,37.138
99.736,37.133
99.809,37.091
99.762,37.124
99.78,37.192
99.762,37.125
99.744,37.194
99.761,37.124
99.749,37.106
99.757,37.138
99.772,37.147
99.76,37.119
99.781,37.117
99.76,37.133
99.758,37.138
99.766,37.131
99.76,37.12
99.757,37.139
99.757,37.12
99.756,37.121
99.757,37.14
99.651,37.15
99.757,37.121
99.593,37.07
99.689,37.084
99.76,37.134
99.756,37.143
99.76,37.132
99.762,37.112
99.755,37.146
99.756,37.12
99.771,37.104
99.737,37.106
99.76,37.131
99.756,37.152
99.756,37.151
99.779,37.193
99.755,37.123
99.757,37.155
99.755,37.142
99.71,37.121
99.755,37.145
99.774,37.122
99.733,37.125
99.733,37.126
99.757,37.147
99.732,37.125
99.757,37.146
99.761,37.14
99.694,37.117
99.74,37.144
99.726,37.172
99.756,37.119
99.761,37.126
99.731,37.122
99.689,37.099
99.736,37.121
99.74,37.203
99.734,37.12
99.744,37.153
99.794,37.11
99.771,37.082
99.732,37.122
99.733,37.123
99.74,37.118
99.733,37.121
99.735,37.128
99.734,37.123
99.734,37.125
99.732,37.123
99.676,37.127
99.756,37.104
99.746,37.125
99.734,37.121
99.732,37.124
99.686,37.13
99.734,37.124
99.756,37.131
99.722,37.126
99.744,37.148
99.737,37.113
99.734,37.122
99.731,37.126
99.742,37.116
99.735,37.122
99.735,37.125
99.729,37.125
99.728,37.128
99.756,37.116
99.796,37.112
99.758,37.038
99.736,37.13
99.737,37.13
99.737,37.129
99.362,36.848
99.738,37.129
99.736,37.128
99.78,37.193
99.781,37.193
99.728,37.117
99.309,36.865
99.685,37.174
99.736,37.129
99.729,37.124
99.733,37.124
99.222,37.236
99.251,37.22
99.273,37.248
99.243,37.244
99.238,37.242
99.314,37.274
99.243,37.245
99.242,37.244
99.257,37.259
99.242,37.245
99.269,37.263
99.241,37.244
99.251,37.244
99.244,37.245
99.249,37.249
99.248,37.249
99.24,37.243
99.233,37.272
99.209,37.284
99.257,37.243
99.226,37.377
99.256,37.244
99.268,37.262
99.257,37.245
99.268,37.263
99.27,37.263
99.242,37.243
99.269,37.262
99.256,37.245
99.277,37.241
99.253,37.244
99.281,37.352
99.253,37.256
99.292,37.284
99.239,37.242
99.237,37.244
99.308,37.294
99.242,37.247
99.24,37.265
99.267,37.262
99.266,37.262
99.198,37.302
99.261,37.263
99.205,37.211
99.269,37.264
99.227,37.244
99.228,37.243
99.255,37.244
99.261,37.24
99.257,37.223
99.258,37.241
99.262,37.241
99.198,37.203
99.268,37.264
99.256,37.242
99.262,37.24
99.252,37.257
99.25,37.244
99.26,37.194
99.28,37.249
99.663,36.977
99.674,36.968
99.695,36.965
99.782,36.936
99.785,36.937
99.783,36.943
99.732,37.001
99.792,36.997
99.27,37.278
99.269,37.278
99.277,37.27
99.278,37.27
99.278,37.271
99.263,37.298
99.113,37.296
99.26,37.239
99.31,37.319
99.31,37.32
99.322,37.328
99.266,37.33
99.297,37.313
99.309,37.319
99.316,37.177
99.314,37.318
99.313,37.319
99.313,37.318
100.283,37.204
100.283,37.205
100.229,37.181
100.238,37.18
100.261,37.217
100.263,37.217
100.262,37.216
100.272,37.213
100.282,37.203
100.173,37.195
100.175,37.195
100.176,37.195
100.274,37.201
100.274,37.202
100.27,37.199
100.279,37.197
100.193,37.205
100.274,37.197
100.271,37.197
100.182,37.192
100.278,37.197
100.275,37.197
100.277,37.197
100.27,37.195
100.284,37.196
100.276,37.197
100.273,37.196
100.271,37.195
100.286,37.196
100.273,37.197
100.282,37.197
100.282,37.198
100.296,37.191
100.297,37.191
100.299,37.19
100.317,37.205
100.297,37.193
100.298,37.19
100.224,37.18
100.304,37.183
100.211,37.182
100.249,37.185
100.273,37.192
100.296,37.192
100.301,37.186
100.305,37.182
100.308,37.179
100.277,37.157
100.299,37.189
100.272,37.193
100.294,37.194
100.294,37.195
100.338,37.228
100.284,37.222
100.29,37.223
100.322,37.174
100.295,37.193
100.275,37.203
100.378,37.189
100.251,37.202
100.297,37.192
100.295,37.194
100.293,37.199
100.265,37.206
100.173,37.186
100.262,37.186
100.267,37.182
100.331,37.192
100.308,37.194
100.296,37.193
100.275,37.18
100.289,37.211
100.308,37.196
99.678,36.583
99.67,36.594
100.331,37.245
100.301,37.187
100.231,37.22
100.297,37.19
100.298,37.237
100.299,37.191
100.303,37.184
100.304,37.182
100.28,37.2
100.283,37.199
100.277,37.198
100.3,37.21
100.273,37.201
100.272,37.2
100.276,37.198
100.379,37.208
100.28,37.198
100.281,37.198
100.282,37.199
100.249,37.227
100.281,37.199
100.265,37.231
100.285,37.209
100.278,37.198
100.288,37.215
100.279,37.198
100.28,37.205
100.322,37.157
100.261,37.192
100.261,37.193
100.259,37.194
100.255,37.202
100.289,37.197
100.262,37.199
100.31,37.198
100.283,37.198
100.255,37.2
100.275,37.204
100.22,37.189
100.28,37.197
100.277,37.202
100.276,37.203
100.281,37.197
100.28,37.201
100.281,37.2
100.282,37.2
100.275,37.198
100.161,37.224
100.278,37.199
100.175,37.18
100.274,37.198
100.168,37.217
100.258,37.139
100.279,37.199
100.288,37.202
100.273,37.198
100.353,37.258
100.248,37.209
100.293,37.192
100.285,37.199
100.292,37.189
100.249,37.186
100.252,37.186
100.314,37.192
100.28,37.199
100.253,37.23
100.252,37.224
100.32,37.172
100.23,37.217
100.251,37.237
100.231,37.16
100.242,37.221
100.253,37.238
100.243,37.221
100.25,37.186
100.247,37.168
100.232,36.909
100.251,37.206
100.247,37.187
100.247,37.186
100.242,37.212
100.243,37.212
100.25,37.206
100.248,37.186
100.255,37.189
100.248,37.187
100.117,36.282
100.256,37.19
99.853,36.962
100.256,37.191
100.254,37.187
100.252,37.191
100.074,36.287
100.167,36.335
100.022,36.318
100.019,36.315
100.035,36.328
100.021,36.328
99.843,36.964
99.853,36.968
99.536,36.86
99.538,36.859
99.537,36.859
99.839,36.972
99.846,36.954
99.837,36.972
99.84,36.97
99.846,36.97
99.841,37.009
99.873,36.976
99.864,36.979
99.878,36.984
99.923,36.966
99.839,36.964
99.838,36.964
99.876,36.957
99.839,36.963
99.942,36.929
99.841,36.968
99.841,36.966
99.833,36.959
99.846,36.971
99.841,36.967
99.406,37.278
99.405,37.282
99.792,36.965
99.822,36.967
99.47,37.255
99.468,37.259
99.84,36.967
99.781,36.982
99.876,36.974
99.838,36.963
99.875,37.015
99.666,36.956
99.666,36.957
99.667,36.957
99.865,36.976
99.874,36.976
99.874,36.975
99.852,36.973
99.849,36.971
99.843,36.966
99.849,36.972
99.844,36.968
99.842,36.965
99.85,36.972
99.843,36.968
99.851,36.972
99.854,36.973
99.877,36.988
100.281,36.631
99.941,36.989
100.141,36.58
99.845,36.969
99.633,37.058
99.498,37.147
99.663,36.953
99.669,36.959
99.669,36.96
99.861,36.976
99.843,36.949
99.885,36.953
99.855,36.974
99.886,36.974
99.841,36.975
99.86,36.976
99.564,36.947
100.054,36.947
99.844,36.969
99.853,36.973
99.841,36.965
99.877,36.976
99.862,36.977
99.84,36.968
99.837,36.951
100.188,37.037
99.842,36.971
